hasn't captured an image for remote deposit in months. I usually have to use my other phone it just freezes black screen upon capture. Would prefer not to have so many pull-down menus and screen jumping around. The check deposit guidelines always show a difference than what is actually captured. Just take the picture already! Numeric keypad should automatically pop up when you click on amount during deposit. When making multiple deposits you still have to choose which account your depositing to.,2
"ive been trying to create an online banking app for yall ever since you implemented the program. For some reason it either sucks or im more technically challenged than I thought I was. Would it be possible (after being an acct holder for 15 or so years for someone to call & walk me through the process? The problem: App/phone won't allow me to use the email code sent to me w/o resetting. Guess I need 2 phones for this simple task? I fully understand the ""why's""...could you help with the ""how's""?",1
"Sometimes when I sign in, app just doesn't open. Other times, I get partway through a deposit, then it suddenly closes. Often, I try a few times to make the deposit, then give up. Within a couple days, the app finally works. It's pretty frustrating. Update Dec 2020: Finally working much better. Would give 5 stars, if Billpay laid out like website. Update May 2026: BofA finally stopped its mobile banking app from supporting my Android phone model, so I have no access to the app at all. Now what?",1
"very frustrating. it was too dark for biometric password so I attempted my password twice and it locked me out. then I went to the light so it will work but now I'm locked out and have to go through a whole mess to log in again. How ridiculous. Update: to make things worse, I now need to make a password that isn't my last 5 passwords! And it wont let Google make a password for me!! What a joke! Another update: I finally got a password to work and the app just says try again later. unbelievable.",1
"Please do not change this application. I find it easy to use and at my age, changes are difficult. Paying bills has become very easy and simple to use. In December you denied two charges on my Debit card that were bogus and called to let me know immediately. A new card was issued and delivered in 2 business days. Excellent assistance!! I thank you for your diligence and assistance!!! Nothing has changed it's perfect the way it is!!!!!2/2026. Do Not Change!!!! It is simple easy to use PERFECT!!",5
"WARNING: I'm loyal BofA customer for 30yrs! Now BofA has LET ME DOWN. Their tech people don't care about us! They are forcing an UPDATE yet when you click to update, you CAN'T because even though I HAVE Android 10 it still says: ""Not Compatible With Your Device"". I have repeatedly posted here for HELP = SILENCE! They don't even bother to respond to emails! PLEASE FIX THIS! DON'T YOU CARE ABOUT UR VALUED CUSTOMERS I can't buy a new phone just because of one app! WHERE ARE YOU BofA??? (5/2026)",1
App won't allow me to set up biometric sign in...developers u totally blocked that out and messed it up so now I have to freaking sign in everytime plus what happend to account amount shown quick without signing in...You developers need to be replaced cause u don't know what yah doing!!!!!! Idiots how can I log in for when I get no code!!!! Ypu clowns need to be replaced..I'm reporting you web dev to higher power for not taking your job serious enough...u need to be terminated udk wur doing!,1
"My name isn't anywhere on the account, which, I believe is an insinuation of fraud and a breach of contract relative to our fiduciary relationships. I'm explicitly disappointed in the absence of a traditional student loan or consolidated loan. What is the price of having your character defamed by a bank? I feel like transactions are being delayed, as a new client, which, is a time crime. Breach of contract? Relative to our fiduciary relationship? I fear that my safety is greatly compromised.",1
"Was a good app for bill payment, transfers, and viewing balances. Now? Since the Note 9 has reached end of service for security updates, BoA, Amex, and Discover no longer support the app on the phone. The website still works and accepts Samsung Pass... but for many, this is a reason to get a new phone... or a new bank with an app that is still supported... Citi, Wells Fargo App still work perfectly. For awhileBoA had a grace period to still use the App with a permissions box, that stopped...",1
"literally removed functionality for my phone which is insane given that it is my BANKING APPLICATION, and they make the regular webpage so frustrating to use on phones that mobile apps are the only way to check your finances without a headache. YEARS of this being a usable app down the drain, which will make paying my credit cards through thwm a hassle. I'd give this 0 stars if I could, outrageously pointless app if it doesn't work unless you constantly buy new phones. BOOOOOO",1
"Change to payment interface is awful. Previous interface had all options on one screen, various fields were pre-filled by default values, and number of clicks was minimized. Now, making a simple payment is multiple steps across multiple pages, with manual selections for every field regardless of default settings. Making it harder or more obtuse to pay is bad business. Do you want your money or not? Revert to previous UI and terminate whoever allowed AI to vibecode your bank site.",1
"1st time user, i cant even create an account, getting error message saying ""clear the cache, app closed due to bug try reinstalling after developer creates a fix"" on a call for 40 minutes with a rep and after 8 times trying to log in the same way she was telling me, i had to get off the phone with out a resolve because she kept saying to do the same thing that wasnt working over and over... i feel like i dont need to use bank of america if they cant even keep a basic working app",1
"Easy to navigate, but there are things which cannot be accomplished here. You must log into the website to do them which is a frustration. Sadly my phone is now incompatible with the updated app which is devastating. Since my phone can't be upgraded guess I am stuck ""upgrading"" my bank to one with a compatible app which is sad after 30 years, but as Bank of America was quick to point out, sometimes change is necessary. Somehow I don't think they thought they would be replaced.",4
"05/06/2026 This is very handy. It's easy to navigate, fingerprint login saves time. Calendar is helpful. Making payments is a snap! It's really useful. It functions as I expect. I like the fingerprint login. This has improved greatly since I started using it in 2015review. There are more useful functions, and it's easier to navigate than any other bank app that I've used or currently use. The extra star is deserved. I've been using the photo-deposit for checks. Excellent.",5
"update as of 5/14/26; from one star to 2. still not great, commonly crashes when doing online bill pay. Unable to recognize money orders for deposit. From 2024 I have updated to the newest version, it still sucks. Horrible, constant crashing or closing. In 2020 and part of 2021 it was great and my review was 5 stars and described as Very easy to use. Fast operation. I will likely be switching banks due to this since BOA is pushing everything to online.",2
"This app almost eliminates any need to actually go into a bank. There are things which I can do online with this app, that are simply not available at most physical bank locations. The usefulness of this app continues to grow and evolve. One drawback is, having problems with the pin number. No way is available to do anything about your pin. You either have to go directly to the bank. Or call and have them mail whatever information you need.",5
"App has updated and now I can't use it on my phone. I can't access my bank information easily now and I can't afford to get a new phone. I have been using Bank of America for close to twenty years and will now need to be taking my accounts elsewhere. this is so frustrating. the app was good, but if I can't mobile bank and BofA won't put any ATMs in my city, I'd rather switch to a bank that seems to want me as a customer. Very Dissatisfied.",1
"your app used to be awesome I'm talking 2 years ago or so but since then you have had non stop never ending changes, TO MAKE IT BETTER. it's not better, not 1 update has made it better, it has only made it different. different is not better. Fire your IT people and stop changing the damn thing every few months, they are just trying to justify their job. What used to take 4 clicks to do now takes 15 clicks to do. that's not better!",3
I've been with Bank of America since I'm 12 years old. my parents were with them when they were called Marine Midland Bank and then they were named something else before they were named Bank of America that's how long my family has been with them and we will never change Banks no matter what. my children and grandchildren also bank with Bank of America I love the app it's become so easy I don't even need a register anymore,5
"TERRIBLE The new version's List of accounts and balances are confusing and inconsistent as heck! I have no idea what my balance is. I'm very tech savvy. I have 3 different types of accounts, one is net worth, my personal checking is listed twice w different balances depending on if you scroll down on the landing page. This is insanity. Used to be so easy, stop giving idle programmers jobs when there isn't anything to fix!",1
"VERY DISORGANIZED. Recent changes as of Apr. 30, 2026 have completely messed up the navigation, it now has extraneous pop-up functions, credit card payment function now forces a payment if late without seeing the history unless you navigate around. Bill pay function is awkward, and the ability to see the list of all bill pay activity is no longer available. also, bill pay for the banks credit cards are on a separate list.",1
"WARNING. If you use a Private Space on your Android Phone, expect a problem if you phone a Customer Service number. The Voice Response Init that answers will send a verification message to this app. If the app is in your Private Space, it may not receive the verification message and you won't be able to respond. Opening the Private Space and starting the app before you call will allow you to receive the prompt.",1
"I tried to update the app and now it says my device isn't compatible with this update, telling me I have to buy a new phone that has Android 10, my phone is a 5G and Android 10! so I don't see why it will not update, just keeps saying it is not compatible, I'm not buying a new phone to check my bank account I'll just use the website or better yet close my bank account and go with Wells Fargo.",1
"I have been with Bank of America for about 15 years. In that time they have always had my back, they actually do the best the can to protect you and your finances. Their staff is cool, even if their day is not what it could be. That staff sees to it that your day is the best it could be. B of A....you rock. Thank you They keep a close eye on your account.I have Checking and Savings account.",5
"Super Disappointed! Since the last update my Samsung Galaxy Note 9 is no longer compatible. I have an operating system of a 10 and its not compatible?! I've used this app daily for my online banking. I'm so upset the developers no longer make this app available to ""all"" users!! I cannot afford the latest and best devices on the market! I have a family to take care of!! This is ridiculous ",1
Not being able to ACH transfer directly from the app is a joke and clearly their shady tactic to force unaware users to wire transfer with a $30 fee. What is the point of having a crippled app where you have to rely on the website to get full functions to do several things? They designed this app to make it difficult to transfer between other banks because they obviously don't want that.,1
"good, but one long-overdue feature: Please add the ability to sort eligible transactions by amount (high to low or low to high) when redeeming rewards points, making it easier to match purchases to the points available. Scrolling through a long unsorted list trying to match numbers feels like playing bingo. This would make rewards redemption faster, easier, and far more user-friendly.",4
"Terribly unfriendly user interface, they rely on an AI bot that doesn't work to navigate the site. Their payments system will inexplicably cancel your recurring payments resulting in missed payments. However, making a one time payment is near impossible, and it will inexplicably push the payment date of a one time payment into the next period. Strongly advise banking with someone else",1
"Good app, but stupid. Continually tells me I've not logged in for the last month so the ""My Balance"" function will not work. I have to uninstall and reinstall it way too often. My rating will clearly go down after they take away the My Balance feature. It is one of the best features of the app, so this is indicative of how little Bank of America cares for their customers",3
i am convinced this app is garbage! i had to reset my password 5 times in 1 hr and still can not login for shat! when you uninstall and reinstall the app now it keeps going to the reset new password screen only! its time to go to Chase and be of good riddance of this frustration and waste of time trying to manage your daily finances! dont say i didnt warn you!,1
"Disgusting app design ever. I am using Bofa app but the Android interface developer team is totally doing wrong. Let them do not work, the app was performing great around 2023s. Today May, 2026 someone killed the Bank of America app's interface. Find me that developer, I will say my words to your face directly. Your app interface design is TERRIBLE.",1
I'm not able to manage recurring transfers between b of a accounts. The cc balances on the first screen don't reflect pending charges. so when I go to a specific credit card the balance is different than the summary page. why. I only use this app lock/unlock a credit card when I'm away from home. it's much easier to manage my accounts on my laptop.,2
"very glitchy,makes me sign in 2xs sometimes and sometimes I go back in and its unlocked with out password. I've uninstall and reinstalled because I've been told the app has a bug. scarey when it comes to all ur money and credit cards. cs told me uninstall and redo i hv but I leave it alone because a few times I've been stuck at register unable pay.",2
I've been with bank of america a long time and taking it from 5 stars to 1.They make it difficult to close your account. I have wanted to close the account for awhile!Yet ate fine to keep taking $12.99 every month though im not using it! I dont like the ai chat.And I dont need a specialist i need you to close my account or refund all of the fees!,1
"This app barely works anymore. Saved User IDs get deleted, passwords aren't saved anymore and recently I've had the Terms of Service come up every time I open it, I hit accept and wouldn't you know another one shows up the next time it's opened. It's very frustrating to have to fight with the website and now the app to get anything done anymore",2
This is the most beautiful banking app I have used in this country.. Doing your transfers and paying transactions and direct deposits as well as checking my balance from my seat at home or even out shopping. Helps maintain my budget line. What more could one look out for. I am a hundred percent satisfied customer. Thanks to Bank of America.,5
"Although I haven't used everything on the app..........what I have used has been very easy and understandable. The app has made my banking experience very enjoyable and informative. I normally prefer to have communication with a real person, but the AI in this app is so good that I feel like it is just as good as the Real McCoy.",5
cant get into my back account and im convinced to work at bank of america you have to promise to never answer a phone call on the job....been to the back twice closet bank to me is 45mins and i need some info to set up a direct deposit...been trying to call banks close to me and all the numbers provided for 4hrs and nothing,1
"While this app is reasonably easy to use, there could be a better ""at your fingertips"" mode. sometimes the data needed to look up is too buried in *hoops to jump through"" When looking to see if a payee is in history perhaps indicate whether it is a ""yes"", or ""never"". A type in or search for payee records only, maybe?",4
"I love this app. No lagging, easy to use, just enough bright colors to keep you engaged, but not too much to confuse or discourage. You can find almost everything you need to know about any given product. easy to read and understand. apps are as good as the person that builds, input and creates. This one is great!",5
"I am finding BOA app is user friendly, and the font is bold and clear. Thank you! I really miss the fact that I used to pay my car note via the mobile app, but it is no longer available. So, now If I want to pay my bill, I now would have to pay $30 and pay it like a wire. but other than that, this app is AWESOME!",5
"I'll need to stop using my checking and savings from BOA, there's no way to deposit cash into my account, because the nearest atm is in a city an hour from mine and half the time they don't allow you to deposit cash. There used to be a branch in my city, then they removed it. It's so frustrating and inconvenient.",1
"I love bill payer I can sit down pay my bills in asbout 12 minutes and go on my way because I am done paying bills. I still love Bank America and bill payer, and the easy accessability that I have with Bank America to all my accounts day or night, and at any time I really like the changes you have made recently",5
"#1 by far: much easier customers if you would include a way to show a password. your competitors do it. why won't you? also better if you would hold off automatic logout for at least 20 minutes third, why not copy all website features to the app? having to interact with your app assistant works, but is clunky",1
"app suddenly not compatible with my phone. how does it feel to basically be a proxy for phone manufacturers. You help them force people to buy new phones in order to use a app that worked fine until you ""update"" it to force people into phones they don't want or can afford. you should be ashamed of yourselves.",1
"For such a huge corporation to put out such a buggy app is embarrassing. I have to start this app twice to get it to run. First time, it crashes immediately. Second time it runs. It's done this on every phone I've owned, so don't say it's the phone. Update 5/13/26. No change. Still buggy. Does BofA even care.",1
"Have not had any problems with what I do on the app. No need to edit, works just fine for what I use it for. Still going good. Have had no problems with this app for all the years I have used it. I am not computer literate so this app is easy for me to use. Thanks-dont want nobody getting my money ha-ha.",5
I had the app one week and the password was changed you send me emails with my balance and I went to another branch and it said on May 1st I had almost 2000 dollars in the bank my emails were saying -2.06 cent's now Social Security wants to know how I had so much money there that's what I want to know?,2
"I like both the mobile app and the website. The only issue I've noticed is that sometimes the website gets hung up, and after waiting for the page to change, I have to refresh, sometimes more than once. I've also seen this on the app, but not as often. Regardless, I still gìve it 5 stars.",5
"The automatic response from Erica are useless! Besides that App works great. I like the interface, easy to review transactions, and Zell is very useful. I usually like the app but Erica is unless and how they try to use Erica for all interactions is very frustrating. Thats why I give it one star.",1
"Great access, been with Bank of America long-time, since Fleet.. I'm very satisfied with BOA. They protect my money and provide great service. Phone operation could be a better. They are week when it comes to reachimg customers on the phone.. Put an eye so we can see what is being taped in..",5
"spent 30 minutes going in circles trying to ""make a new payment plan"" as demanded. Couldn't find my checking account at WellsFargo, and when I manually entered routing and account numbers, it complained that it already existed! Doesn't anyone debug their site before demanding these changes?",1
"was good until the last update. the app kept telling me to update.when I tried to update, I keep getting ""Your device isn't compatible with this App"". I meet the android version 10 minimum. I tried every online but nothing seems to work, and i don't want to buy a new phone because of 1 app.",3
"The app is user friendly. Only drawback is that we can see statements of accounts as per the closing date monthly, there should be an additional option to download statements between 2 dates as per the customers requirements giving details of deposit/withdrawal and balance in Excel or PDF.",4
"I'd rate it lower if possible app keeps crashing, causing battery drain due to staying open. interface is fine, however the fact I have to sign in twice due to it crashing then get notified daily that it needs to be put into deep sleep because it's draining my battery is a bit annoying.",1
"I have SM-N9600 Samsung Note9 running Android Version 10 and I cannot download and use the latest app version because it says my phone is not compatible. I am not getting a new phone because YOUR software is now not compatible with my phone, which works perfectly fine for my purposes.",1
"You make it easy & faster to get into your account by the way of my signing in, then a code which is sent to my phone without me having to copy it into my account. Bank of America has the fastest & safest way to log into your account. Depositing a check is also easy to do.",5
I am no longer enjoying having my banking abilities on my phone. With the new app I am no longer associated with BOA electronically. I can no longer bank online. My only recourse is to delete the outdated app and after 54 years with BOA I will go to another bank. So sad!!,5
"works great, easy to login and very reliable. I've never had any issues with security breaches. The only thing I don't like is how Bank of America credit cards are organized with non Bank of America credit cards. they're shown on separate screens and I find that annoying.",5
Easy to use . All important information is right there. I don't feel any worry about the security of my account. The app is actually easier than a B of A atm to use. Update: 5/15/26 Still easy to use app. very little difficulties and no errors in using the B of A app.,5
"if I go online on my computer to make a fund transfer from my BOA checking account to an account at another bank before 8pm, the money is received the next day and there is no fee. BUT, IF I USE THE APP TO MAKE THE TRANSFER YOU WANT TO CHARGE ME $30. WTH?????",1
"BofA is a predatory bank to begin with, but this app won't stop hiding more and more functionality under more and more menus. There's no good reason to do this other than to push more people into using the dumb AI tool that gets literally nothing right.",2
Terrible app and I know banking apps. I've lived in 4 countries! The free ACH transfer option is not present unless you're on desktop. there are no round up or automatic saving/sorting features. even paying to your own accounts is convoluted and slow.,1
"Confusing app I have a BOA CC and they make it so complicated to use, and pay. I have had Citi for years and Citi makes it so easy to pay balance or custom amount. I just dont get BOA. I will be closing this account and sticking with my Citi card.",2
"I like the first page of all accounts are clear, going into each account is not very clear and loops back to making another payment of the same account which is irritating. also the whole payment option needs to be more mainstreamed and easier.",3
I can't update my app because my device apparently isn't compatible with the new update so I can't even use the app anymore. it won't let me login unless I update which I can't anymore because the new update isn't compatible with my device...,1
Your accounting i.e simple debits and credits defies logic and departs from accepted accounting rules. An advance payment does not reduce available credit for the customer. It's mind boggling you way your system accounts for such transactions,4
"card locked for a small transaction that failed, been on hold for 53 minutes and counting. one hour and 45 minutes later got through. tried to use my card and it locked again. I'm back on hold Tuesday morning at 30 minutes and counting.",1
"Easy and convenient. I enjoy it. Glad to have it available. I like the fact that the bank is always vigilant of all my transactions. I'm satisfied with their alert systems as well. Thank you, B of A for always keeping our accounts safe.",5
Fantastic!! Use my laptop for setting up the individual details but for daily use this app works to execute my day to day banking tasks. Needs expanded dark mode Personally am planning to obtain a larger for continued use of application,4
"Very easy to use, easy to read and understand. Also everything is at fingertips. However, they are stopping the link to check your balance with out going into app. Not Happy about that. I will be moving my account to Chase Bank by July.",3
"Use to work fine on my cell which is galaxy note 9,now it says is not compatible with the phone,sad news, they should updated without discrimination. And i am not planning to replace the cellphone soon.,hope they fix the glitch soon.",1
I'm very grateful for the service share with us because it makes a big difference. So with that being said please give it a try and watch the difference it will make while banking. Thanks Bank of America keep Up the Excellent Work.,4
"I've been using the app for several years now, and it's very easy to use. Everything is clear and concise, and it works like a charm. I really like that the account shows how much is available and how much is pending and minus .",5
not compatible with my Note 9 anymore and won't update. I can't even use the app anymore to see my account and funds. livelihoods count on this working and to be suddenly cut off because you have an older phone is unacceptable!,1
"It's an emergency I'm trying to update my bank app because it won't let me into my account and I'm locked out of my own bank account..... Are you freaking kidding me, not compatible with my phone anymore, Really bad business.",1
Update of app is not working. can not log into my account this is unacceptable. Get saying I do not have the right version. I've used this phone for the last 4 years with no problem Now the app will not work with my phone???,1
It's one of the best! Always making incremental improvements - the pending removal of the my balance feature being removed is a mistake. I guess there was big mistake somewhere along the way but this smells like one too.,5
used this app for years! now the developers have EXCLUDED Me and my phone for an update. Now me and my family are denied this app usage! In this day in age when upgrading a phone is expensive and not feasible for ALL!,1
"This app is why I stayed with BoA even when they sold off the branches in my area. It does everything, and it does it well. I wrote this review 7 years ago. I still feel the same way about the BoA app. It's the best!",5
this Bank sucks they will let anyone hold your money and leave you with not one cent. I can't even get to work because they allowed a hold on my funds from child support when I already pay every week out of my checks,1
I have had an account with B of A for over 40 years. Except for a couple of hiccups when they updated something. The you call Customer service and they help! I have been very happy with their service and products.,5
Transaction history should be the first option and it's not even an option. You have to ask it as a question. Most people that log into your app do so for it's transaction history. It should be a default option.,5
I have a Smartphone but it's not an updated model. So for that reason the app refuses to download on my phone. Sooooo I gotta get a new/ updated phone just to download an app???? Shame shame BOA. Not happening.,1
the new update is not compatible with my device this is Ridiculous I can't change my phone and I need to access my bank account. Because of the new update is not compatible with my phone I can't get the app?,1
I can't update this app because my phone is not compatible. I am not going to get a new phone just for 1 app. How can I get this resolved? I can't check my bank info unless I call. please help. thank you,1
CAN'T LOG INTO MY ACCOUNT!!!!!! You made me change my password of 12 years and I don't remember it because it's different now from all my other banking apps. I'm literally pulling my money out tomorrow!,1
So far so good. Really convenient. Stays up to date. No issues. its the end of 2025... still doing good. no issues. Edit... May 2026: Still recommend. have yet to have any issues with Zelle or transfers,5
This new app doesn't work on galaxy S9+ says it is not compatible. What do I do now for an app that works. My old app worked up till this week. Now I don't have BOA phone app that works. What now!!!!!,1
"I changed my 2022 rating from a five star to a two star rating. The primary reasons are (I) constant problems logging on, and (ii) the bank's use of the app to cross-sell other products and services.",2
"The website was broken, so I was forced to download the app. if they have to force me into downloading their app by making their website unusable, then it's a bad app. good apps don't need coercion.",1
The app was decent up until them trying to force me to update a app I can't update. I shouldn't have to buy a new phone to do my online banking. Going to close my accounts in the morning screw boas,1
Ridiculously complex process adding a source for a credit card payment. Absurdly overcomplicated way of setting up credit card auto pay. Just compare to a 1 or 2 tap process in other banking apps.,2
This is not the bank you are looking for. They closed my account 3 months after I opened it and won't give me a reason. Obviously they don't care about customers or the problems they cause people.,1
"I've literally used BoA online for decades on my tablet, phone, and desktop. It has changed over the years, but has remained reliable and an excellent tool for managing my resouces.resources.",5
About Balances transfer its One of the best Bank of America ...Nice and friendly team easy to call easy to transferring fast and good offers of years length 0%interest. Love and Blessed them,5
"My experience with Bank of America is extremely excellent, I been with this Bank for so many years and I appreciate very much your support and attention in tracking every single transaction.",5
always a pleasure using my mobile app or going into the bank. very courteous in all aspects of professionalism with my account. I would recommend b of a to anyone in my family and friends.,5
"During a time where fraudulent charges are rampant I would highly recommend banking with BofA. Their fraud detection is second to none. Also, the app is great. Zero functionality problems.",5
Just because I have an older phone (galaxy note 9) the app won't let me open it anymore claiming its not compatible. Ridiculous!!!! Cant get a new phone right now so can't even do banking.,1
Does exactly what I need and want! Keeps me updated. Very easy app to help guide you to any issue. But sometimes you do need a live person to help with other problems that may arise.,5
"extremely unhelpful! Samsung 9 with no alternatives for new App being demanded. 72. Parkinson's Disease, Ruemitoid, on Medicaid, no money for a new phone. Unacceptable customer care.",1
"installed app refuses to run, wants to be updated, but the new version can't be installed on the version of Android my phone is running. Android devs suck at backwards compatibility.",1
It says my device is not compatible with the updated app. I need to be able to access all my information of my account. I'm not Bind in new phone just because your app is upgraded,3
"I find it very easy to use this app for all of my banking needs. From checking my balance to making payments, using Zelle to send or transfer money. The app is clear and concise.",5
"This app is the ONLY banking app that doesn't show transactions under each account. in order to see them, you have to engage with their obnoxious bot. This is extremely annoying.",1
Easy to use app... I can handle all my banking needs without having to speak to anyone. I recommend BofA if u are looking for a bank where all ur needs are rite at ur fingertips,5
everything is easy and understandable to use. The AI helper you have (I forget her name) just doesn't know anything! I don't think she has ever given me an acceptable answer.,4
I have my personal and business accounts linked and when I try to switch from one to the other it logs me out. Have talked to people over the phone and nothings gets resolved,1
This app doesn't work on my new phone. It crashes after I put in password and go to put in security code sent to my phone. Ends with message saying there is a bug in the app.,1
"This app is very helpful . it is easy to use to deposit checks, and you can access zelle to transfer money. It has a lot of helpful features. So far, I am happy with the app.",5
"BEST APP EVER! Easy to understand, Fast, Complete direct, useful content app. Love the features! It's extremely important and helpful to my Everyday life daily, thanks BOA",5
all of a sudden the app stop working after asking me to update. now it's stating my phone is not compatible anymore with this version.......after using this app for years.,1
The only problem I am having is remembering my password. I lo ve how convenient the app is. It really helps me every month to figure out how much I need to pay. Thanks BOA,5
Easy and convenient with all the details you need The only thing I don't like is that it closes so quickly while I'm trying to balance my account which it never use to do,4
Excellent service. You are always on the look out of scammers 24/7. Thank you so much for guarding and protecting our hard-earned money. You are the best Bank in the U.S.,5
Very difficult to navigate payment option. The update payment option is more confusing than the previous one. It appears as though you are only able to pay full balance.,2
"Can't log in, can't get any customer support. WiFi and mobile connections are dropped as soon as I submit the security code. I'm using a moto g play running Android 14.",1
"So, the only way to utilize your mobile app is to agree to a new user agreement? The main reason I only use your service for paying bills and saving with my other bank.",1
"The app suddenly removed my bank accounts for payment, so I add my account info, then it says you can't add an account that already exists. So now I can't pay my bill.",1
This bank is taking away the quick look on top to check and see how much $$ you have in your account.. very stupid! why...what's the issue...don't like Bank of America,3
"everything i need in a bank, especially Security and notifications of anything remotely suspicious, helps to keep feeling that all is okay. keeps me on my toes also.",5
"I have to say that BOA has done a nice job at upgrading the security of their clients. With the crazy world we now live, I'm glad my information is safe at my bank.",4
"After update 05.07.26, cannot mobile deposit. After front image attempt. screen blanks and does nothing, does not save image, does not allow completion of deposit",2
Even have a BOA account and trying to make a payment for BOA credit card still need to go through setup a new payment account the whole process. This needs to fix,1
I have used the B of A mobile app for many years and find it to be very useful and easy to navigate. I have no complaints with the service or with response times.,5
"New date 12/18/2024 still fast, safe, convenient! I've been with this bank and this app for more than 16 years and I'll continue as long as Bank of America lasts!",5
terrible. I can't download this app so now I'm shut out of my account electronically. can't pay my credit card payment or even check my balance. no stars for you!,1
need help I cannot open up the application because it says it's not compatible with my phone I have money coming in and bills to be paid please don't shut me out,2
"Pretty good app. One request would be to have the ability to view what I've typed as my password before submitting it. A simple typo can make it fail, of course.",4
"This application is designed to be user-friendly and offers the most efficient way to access your account, pay your bills, transfer money, and view your balance.",5
"The credit card section is completely messed up. Previously, it was easy to tell how much I owed, but the recent update doesn't even show the balance properly.",1
"The integrity, safety, and security of this app is well deserved. Further more, why not add ATM machines that will except all my hard currency into my account.",5
Keeps asking me to update. I agree and nothing happens I'm back to the begining. It's a never ending loop 5hat gets you nowhere. I just want to do my banking.,1
Bank Of America I Love You Always Forever I've Been With Bank Of America For Many Years And I Love It Employers And Employees Every One Is Super Great ,5
Confusing and frustrating. Absolutely hate this app and motivates me to avoid using the credit card. Seems designed to cause you to avoid or miss payment.,1
"very profesional, great customer services, a special thanks to customer service at the brach yesterday 5/4/2026 Representative Ray Ventura, very helpful.",5
love this app. easy and private you always know how much is in your account and can ask for assistance or help 24hours a day. would be lost without it.,5
This App is very good because it's easy to use and you can check your bank account anytime of the day or night I Love using it very convenient for me..,5
this app has been phished and is unsafe for users May 2026 moving forward. The vulnerability has not been fixed. Will edit to up date if this changes.,1
THIS SPACE IS FULL OF FAKE REVIEWS!!! Still says that its not compatible with my device anymore. Are you going to fix? this isnt okay. FIX IT. well?,1
"Mostly the app works, but almost never lets me mobile deposit checks. Gives errors saying it can't read all the data, even when the pic is perfect.",2
overall the app does work really well but now it's no longer is compatible with my phone which really bothers me. I guess it's time for a new bank.,2
trying to pay bill and couldn't find. Just use to get to cash back reward since website doesn't allow that. weird experience that neither does both,1
"it ducks you took a simple ap and ade it way too complicated, 4 attempts bil still not paid. besides I pay two a counts and they get posted wrong",1
"Bank of America is extremely helpful, no matter what issues turn up Bank of America is always there to save the day. Thank you, Bank of America!",5
very pleased with the app. have used it for years. common features are easy to access with only the occasional added clicks to get to something.,5
Everyone at Absecon branch always friendly n helpful Ashley (I think was her name) who helped me set up online banking very helpful n pleasant.,5
This app isnt compatible to my Samsung Galaxy A11 running on Android 10. I need this app to do my banking. Please Update this issue. Thank You.,1
Easy to use and Erica (chat) answers all my questions on functionality. She can also take me to the location in the app for what I need to do.,5
why you always ask me to update? why my phone is not compatible? why you ask me to buy a new phone so that I can install your app? ridiculous,1
"I've always used this app, I dont have a super old phone but now all of the sudden I can't use the app on my Samsung galaxy phone. Horrible.",1
"App says I need to update app. When I go to update, it stating my Note 9 phone is capability. update or no choice but to find another bank.",1
can't afford a new phone at the moment and not compatible with my phone now. looks like I may need to find a new bank. ,1
"Bank of America in my humble opinion is a great bank institution. I like the security the they offer,and their employees are well trained",5
FICO score now comes with strings attached. Statement activity no longer available in QIF format. They keep changing the rules on people.,3
Confused. I wish YOU had a option to not make changes. Bank acct. missing? Yet my payments are recurring. I know I'll be contacting you.,1
My only issue is that if you need to download detailed ledger information you have to do it from a computer you can't do it from the app,4
The deposit process on this mobile app is smooth and trustworthy. It's an example of why I have been a BOA customer for all these years.,5
"This app worked well, however recent changes have made it unable to function on my device. How am I supposed to view my banking details?",1
There is no way to do an ACH transfer through the app. This is one of the key features to any banking app and it's completely missing.,3
Always does what it is supposed to except for those rare updates or whatever happens on occasion. A year later and still works great.,5
I still Love the app. Keep up the good work. great app. Love it Ya'll are still keeping me happy with banking with you. Thanks ,5
The app is better. It gives a detailed description of my accounts and provides other information to the help my financial needs met.,4
was directed to use your site to file a fraud report. I was unable to do so. PLEASE ADVISE ME HOW TO FILE THE DESIRED FRAUD REPORT!,1
"Horrible, I have a Samsung 9plus and the new bank app doesn't work on my phone. That will mean I am FORCED to buy a upgrade phone.",1
So now people with older phones can't access their bank app?!?! thats ridiculous and stupid..not everyone has a brand new iPhone..,1
The last change doesn't show the upcoming payments to BOA credit cards so you aren't seeing all scheduled payments under activity.,3
"Apparently, my device isn't compatible with the new upgrade. I hate BOA pos bank I've never had a good experience with them!!!!!!",1
Been a Bank of America customer for many years and now I'm told I have to buy new phone in order to get the mobile app. Not right,1
I can't access my account. It doesn't make sense to have a bank account if I can't use the app. Time to move on to another bank.,1
Just downloaded the app and a review was already requested after the first quick scan. Seems to have most of what I need so far.,4
Please put the credit card payment screen back how it was. You've just unnecessarily made it several screens long and confusing.,4
sucks I have to buy a new phone to update my app. I shouldn't have to spend hundreds of dollars so I can look at my account info,2
can't open anymore because I don't want to buy a new phone every 2 years and they don't bother to push updates to old devices.,1
it took 2 hours for customer care to answer my call no matter how many times you receive new card your data is always stolen.,1
The App no longer works for my older phone and there's no continuing support so I'm effectively locked out of mobile banking.,1
"Purchase notifications are broken. That needs to be fixed. Other than that, the app gets the job done and works as expected.",4
So far I like it has more options for security on the account bcz I pay most of my bills on Auto mobil pay it's better now..,4
I have a note9 w/version 10 android and app says it is incompatible and won't download. Now I can't pay bills due. SUCKS!!!,1
"works OK, with the exception of Erica the AI part that does not work, and customer service can't do anything about it.....",3
"It does for me all that I need it to do. From 2018 until now, still loving it! Easy to use, and seemingly getting easier!",5
"Altho a customer for over thirty-one years, you dismissed all the hacking I experienced last year. YOU OWE ME THOUSANDS!",1
"me ayuda mucho para revisar mis pagos,ver el dinero q tengo. me facilita mucho puedo enviar dinero a mis nietos! gracias",5
After using the app a few times I got it figured out. it's easy to navigate. All the bells and whistles are right there,4
I find the process very clear and understandable. I would recommend to others. thanks f or your support and usefulness.,5
Still no dark theme after years of promising improvements. Please! This app needs a dark theme/mode. Otherwise 5 star.,2
Probably one of the best banking apps anywhere! BofA is well ahead of the technology curve compared to competitors. ,5
they overdrafted my bank account to pay YouTube premium but they won't let me overdraft it to get my family some food,2
My experience with Bank of America is always pleasant. They always help me with everything.I need thank you for that,5
"BofA app is an excellent service for customers!! It works perfectly!! So that, I can do everything, fast and easy!!",5
"This app requires Android 10, It should work on my NOTE 9. App is totally useless now. Anyone else with this issue?",1
"Rate this app back in 5/2014 and my feeling haven't change still in love with the app,everything all in one place.",5
there is no way to chat with reps you have to call and can't check the number of your account you are paying from.,2
New forced update I'm told isn't compatible with my phone and now I don't have access to my accounts. Ridiculous.,1
Ridiculous that a bank is no longer compatible with my moderately aged phone. This needs to be fixed immediately.,1
"what can I say about my online banking! it's great, I don't have to go to the bank and that's time saving for me.",5
cant get a new phone and now I'm blocked out of my account because of bs updates... what about access for us ???,1
this is the absolute worst bank you could ever be with. better off with a rusty coffee can on top of the fridge.,1
Very complete. Well organized. Simple to schedule payment to an existing payee. Offers useful spending insights.,5
