"they don't care about fraud, or dispute charges they will always be on fraudsters side, DO NOT SIGN UP FOR A CARD!!!!!!!!! I sent them proof nonetheless and they still did not care they only cared about the business so I highly suggest you cancel these credit cards. they will not protect the customer in any way shape and form. can you believe it I had actual evidence that these people scammed me out of money and they did not care. and if you do have them I highly suggest stop charging on the car",1
"Fast -n- Easy! This is a nice app, it installs quickly, it opens fast and easily. Citi Mobile App offers much more of what you've come to expect and then some. Go login to your account and experience the Citi App at its finest. I am experiencing the difference in online banking with more features. Citi app just keep on getting better. I approve of this app and the rating. Excellent! myCiti app it always works for me with features like Thank you Points & now Paze, what' s next? uGo Citi Hugs",5
"I came to rely on the app for daily monitoring of my credit card, but up until a couple of days ago the app is refusing to even open. I've uninstalled and reinstalled several times with no luck. I was just viewing the reviews and see I'm not the only one having this issue. Citibank please fix the app ASAP. Update May 2026: Whatever the issue they were having has been resolved and I can now easily teach my credit card spending as before. I love the snapshot feature for quick balance checks.",5
"I have a new card that I want to register on my app. I try to change my password so I can do this, and it requires the card number. But, since the card number is not registered with my online account, I cannot reset my password. I called support. They walked me through this same sequence and said, ""Oh, you'll need to reset your password"". That is the issue that I just told you I am experiencing!?! No help at all! I had to hang up before I acted angrily toward the agent. it's not his fault.",1
"This was my first experience with the Citi App but, as a senior who doesn't appreciate all things online, I can say that the Citi App seems easily manageable. Thus far, I am impressed with their fraud protection process, and customer service, as well. I do not like most of the automated AI processes but I discovered that if I just hold on the line, a living, breathing human will graciously assist with whatever need arises. I'll check back in on doing another review update a few months out.",4
"very mediocre app. Does not support instant notifications for any deposits or withdrawals from your Checking account. This is a most basic security feature which leaves your Checking and savings account vulnerable for fraud. I get a text one day later on such occurances, this is a terrible user experience and makes Citi fall behind all its competitors. spend hours to find a better setting and Citi confirmed they don't do this to me. Pathetic !",1
"Dealing with Citibank has been unbelievably frustrating. They continue to insist that my bank is holding the funds, even after my bank confirmed — while I was standing there — that the funds were released over a week ago. At this point, it feels less like a payment issue and more like no one at Citi is actually listening. I’ve never had this much trouble trying to pay a company money, which is honestly impressive for all the wrong reasons.",1
"I like the app, it's easy to use and when I'm looking for ""any question"" it takes me to it, I don't have to go from page to page and back. Thank you for saving me time and guessing which direction I need to go to find the answers that I need. I can relax when using the app and get back to my life. Thank you Still a great app to use 2026, I resolve issues quickly ",5
Excellent service and security. Flex loan rates the most manageable I have seen yet. Citi Mobile is easy to navigate and soon I will be moving to Virginia. The app will make it easy to use my card from anywhere. Hopefully i can get a Flex Loan or balance transfer to get out from under a PayDay Loan scam charging 470% interest.,5
I like that im able to use the app for investing as well. Its not my primary investing app but its fun to watch it grow when paying my card balances. (update) Now that I've grown as an investor I see that there are trades I cant make on robinhood that I can here and I like that versatility and foreign scalability.,5
Exceptional App. Easy to log on and check every detail. We can open it anywhere at anytime. I can also keep track of my credit score and make sure I stay in my budget. We also enjoy earning benefits and points The app also keeps track of that. Very user-friendly. Great job,5
"I recently lost my wallet and was devastated! it was PAYDAY and I only had a paper copy of my Birth Certificate! Between my Teller and the Manager, I left the Bank that day with a ""temporary debit card and some "" Benjis"" in my wallet. what a great team!! Thank you",5
"Easy to use, fast, and reliable. They have this new option that when you message with an issue, it keeps you connected with the same rep even if you stop using the phone/app for a while. It was really helpful when I had to do several things at once.",5
"Love my Citibank Costco Visa card! Still loving it. I never worry when I dispute a charge, they always take care of it!! I still love this card!!! it's so nice to have confidence in a company that always gives me great customer care.",5
"the app is useful for checking my credit card use, etc. I needed to dispute a charge and went through all the questions just to be met at the end with ""you need to call"". It would have been easier if it just said that up front.",4
This app works as intended and is relevant to everything I need when looking at my account. I'm very happy I can get my rewards credited into my account and see my credit score from the app. It's very useful to me and my wife.,5
"the app is fine the customer service sucks! I recommend recording your conversations, get the name of who you're talking to, and ask and confirm all their answers. they do not take accountability for their employees mistakes",2
"stupid thing wont let me login with the same credentials as the web on the same device, locks my account then wants me to call. I miss Barclays already. I never had any issues. On Citi, imediate buttache just registering.",1
"The app works well and is convenient to use even in comparison to what is offered by competitors. The one time I had an issue with pop ups blocking certain elements in the app, the developers were quick to remedy it.",5
"I love the Citi Mobile app. It is a great way for me to get an instant snapshot of what I owe on my accounts. Making payments is easy. Definitely recommend giving it a try. 3 years later, and I still love it!",5
"Love this app! Sign in is easy, managing the account, tracking spend, etc. Just what's needed in these times of life on the go! Bonus that my credit score is available! Citi makes managing my finances easy!",5
Card went missing the day prior to today and I could cancel and get a new credit card number immediately . verified there were no unusual charges on it . new card can be to me in 1 to 2 days . that's great,5
it's a really awesome experience after working hard for an employer then feeling the satisfaction of using your own product with pride. Thank you for maintaining the quantity & satisfaction. Keep it up !!!,5
"You see i'm really old. Whoever designed your app designed it in such a way where I can log on, link my bank with your company, and pay my bill. to meThis is a user friendly app, and i'm grateful for it.",5
"The interface is very user-friendly and easy to navigate, and being able to use the biometrics fingerprint scan to log in is superb. Good app so far. Well worth the 5 stars from my experience. Love it!!",5
"This app is the most important piece of equipment I have. I don't have to worry about not having enough money in my account, or about not knowing if my account have been hacked. This is a great app!!!!",5
"very easy to understand. very easy to do transfers, loans, flex payments adjustments and regular payments. I have my citi cards in one place and its easy to keep track of the payments and expenses",5
"It's a good app, but it's confusing when it says current balance and that's not the current balance. It's only the current balance of that month. Clear that up and I would give it a higher score.",3
Citi mo le app has everything you need from making a trip inside the Bank Even when visiting the Citi Bank Customer service help you there so nice in make sure your walking out there Bank Happy.,5
excellent card I was surprised citi would approve me for this card. but I can tell you it's been an amazing experience citi is by far the best card to apply for and this app is truly amazing,5
"First time to use, but it is easy to use and it uses my finger print to login, making it fairly safe. I also set it up to get texts for certain transactions which was pretty straightforward.",5
My favorite thing about this app is that when you make a payment on your credit card the balance immediately changes which is awesome and helps remind me that I did in fact make my payment.,5
Trying to switch my account over from AA Barclay's and keep getting error messages when trying to set user id and password. it says they meet criteria but I can't move past that window.,1
"no more support for the app on Android 9 why? i can't use the app anymore, no longer compatible with Android 9 and can't update the app any further because no further update was given.",2
"I have never experienced this much trouble setting up a credit card. Too many questions. Too many sign-ons required. Still looks like I can't sign on as "" information doesn't match"".",1
Great app. It is very easy to use. I have more than 1 type of citi card. I travel and just tell the app when I traveling to help prevent fraud. Cash back redemption is nice as well.,5
I can't access my account. It's asking for a debit card number that I don't have to be able to verify my account. Why can't I just have them send me a verification code to my phone?,1
I only have it for the government travel card worst card delivery website dosnt recognize when password are reset and than changes in will never use citibank for civilian use.,1
"customer service is a nightmare, no one knows anything of what's going on. but they all ask they same card info and password questions. totally the fault of the corporation.",1
"Everything that you need is very self-explanatory.It's all right in front of you , very easy to understand easy to navigate the website , even for me , that's saying a lot",5
"good experience at first ... had checking, savings, investment and credit card accounts with Citi Bank .... as my accounts aged .... My business became less appreciated",1
"Card hijacked during shipping to me. 15 ""employees"" allowed to be added to my account by hackers. Citi unwilling/able to delete fake ""employees"" from subsequent cards.",1
"It works well enough, that the interface is a bit cluttered with ads for their products. do I really need to see an ad for their CDs every time I look at it for years?",4
Obviously it's the back i use... This mobile banking app is superb and ready to navigate and that's held alot. smooth & steady .. keep it up!! once again Great app,5
trying to pay my card in full & have been waiting on a verification code for about 15 minutes - I can't continue until you send me the verification code.,1
"I really like it; the user has total control over every transaction within the app. I’ve compared it with other apps I use, and it’s the best I’ve seen.",5
Good to see what's going on and that balances are updated immediately after making a transaction. Continues to be a great app. Keep up the good work.,5
"Great connections. Several options within app. I've been using it for almost 4 years. It is convenient, easy, and I don't have any complaints so far.",5
"Works seamlessly but sometimes I cant access one of my accounts, but this is rare. If there was an option of 4.5stars I would have chosen that score",5
I love how this app works for me in my busy schedule. it stays on top of things. it sends me alerts of when to pay when the statement closes.,5
"Like the 6 number log on! but now it doesn't work. Today, log in suddenly wouldn't work. So I had to change it. Oh well otherwise I like it.",5
East to use. Wish it would provide spending amount activity to indicate balance required to achieve $125 AA credit for you annual activity,5
"works great except when I type my password in, the whole app closes, and I have to start over a few times before it finally lets me log in",4
"We have had a horrible time setting up autopay. This phone app, as of today, does seem to work well. But the autopay is still unresolved.",3
"easy to use and navigate, the only down side is that if you have multiple accounts with them you have to long in separately to each one.",4
"Easy to use, responsive. Security was great when I made an odd transaction and I appreciated the precautionary call to verify it was me.",5
"Keeps me aware of charges on a daily basis. Easy to make payments. My go to, unless higher return offered. ""still my go to"". still.",5
"Fantastic App Based finance and credit card monitoring and payment processing. Clear, easy to use and clean to the eye. I love it",5
"For months, I got an error when I tried logging in. I ended up uninstalling the app, reinstalling it and it finally worked again.",3
simple layout. info readily visible. able to pop in and quickly review transactions and make payments. ... it operates as needed.,4
"Simply, it works. Every time. Without bugs. In a world of cruddy buggy apps that you can't depend on, this is refreshing. BRAVO!",5
it is very convenient and easy to check balances and make payments! and look into getting a higher credit balance and lower APR,5
The font size in the app is extremely small and does not conform to device settings. I can't see it and so it's not functional.,1
"the setup of app,best I've seen, very easy to see all info in easy format, easy to pay also can immediate see payment applied",5
It's pretty easy to use. I like that it shows me my new balance and what I have available right away after making a payment.,5
Easy to use. Easy to pay online. Getting notifications from the app is a plus. Up to date and in the palm of your hand. ,5
quick convenient easy to make card payments a lot of other information included credit score spending habits so on so on,5
"most user friendly app I have. I also love that when I make a payment, I visibly see the total I owe go down instantly.",5
Nice and conviniente. Great. I made all my transactions from the comfort of my home. Love it. Thank you.,5
"Great and efficient app. Highly recommend it because it's reliable, quick and so easy to use. Try it and you'll see.",5
Great way to keep tabs on balances and there are also a lot of services available in the app. It's very easy to use.,5
"I have long history with Citibank and they have been applicable from the telephone, my email and now my mobile act!!",5
"literally can't log in on the app, always says it's experiencing technical difficulties. website barely works either",1
Love the app for credit card management. I would like the sign off easier to find. May just be its a new app to me.,5
Very easy to use and everything is in one place. Even easier to make your monthly payment one click and it's done.,5
you were able to detect a fraudulent charge on my account and declined it. Thank you. I appreciate it very much.,5
Really clear and concise. Everything available from a bank you can do from this app. One of the best I've seen.,5
Very convenient to do almost all of my banking through the app. Very easy to navigate. Useful tool on my phone.,5
seamless and easy.however i would like to see an option to put deposit and withdrawel alert amounts on the app,5
Great way to get information quick and easy. Easy to understand and navigate the app. Still great Citi Mobile,5
Very easy to use I love this app. I like it when my balance updates instantly the moment I make a payment,5
"Great app, everything AT YOUR FINGERTIPS, no messing with tab after tab to find features efficient system.",5
"Two years later, same great service. Now it's been three years , and they've been excellent in all aspects",5
Seems technical issues I've previously experienced have been resolved. App work perfectly smooth now.,5
"User friendly app, without bugs or glitches. Log on, do what needs done, and log out. Simple as can be.",5
"Very convenient, all the tools are there and work great, points transfer with a good choice of partners",5
very straightforward for settling one card. more problematic consolidating more than one Citi account.,4
"Great App. Easy to use,not complicated as some apps are This from a 79 yo great grand mom ! Terri. M",5
"Intuitive, easy to use, no glitches, and good security. this is everything I want in an application.",5
"always exceptional, so grateful for your services, very easy safe and friendly to use and manage ",5
Very easy app. to use compared to my other ones. They make it very easy ..never had any problems.,5
"Very user friendly, I can access and complete business quicker than it took to write this review.",5
A wealth of information at my fingertips. A secure and safe way to monitor my credit card use.,5
"Always easy & efficient to use this Citi Mobile APP; clear, easy flow between features / tabs.",5
"I feel safe and secure using this app, it has been very easy to understand how to use as well.",5
Excellent App with needed credit notifications. I highly recommend this Costco/Citi card app.,5
"forced updates are unacceptable Edit: Did it again - a forced update, can't even use the app!",1
I love that everything is easy to find and maneuver. Payments update your balance super fast.,5
Very easy and convenient to use once familiar with features. Can even apply for loans on app!,5
"App works well. some pages are crammed with options to click on, it sometimes gets confusing",4
Bank app that works and you can do everything in 1 spot. been with citi for ever. love it!!!,5
"works quickly, and without errors, good ui that is easily navigable, 5 stars would reccomend",5
"Convenient, everything I need on my phone. An important feature is the alert notifications.",5
Easy to use. Dashboard is intuitive and most functions can be completed right from the app.,5
"it is one of the better banking apps... I have used, and one of the most secure. Thank you",5
just started using the mobile app and it looks very good so far. Simple and user-friendly.,5
9 years never an issue with this app. They also include FICO score which is a great idea.,5
"Easy to see my spending with a breakdown of travel, fuel, groceries, etc. Very convenient",5
Mobile app works great. Have used it for years. No problems. Customer service is the best,5
"Wonderful, easy to use app that helps us keep track of our balances, bills due, and more.",5
I just switched over from Barclays and like the app so far. Appears easy to use & secure,5
"So easy to navigate, it puts other cards app to shame. Like their way of doing business.",5
The app has become more user friendly. I like how I can see my FICO score in real time.,4
this app keeps me up to date on my credit spending and it allows for very easy payment.,5
"Great app, one of the easiest and most convenient to use. Payments show up right away.",5
Outstanding accessibility. Everything needed right there in the app. Very impressive.,5
Easy-to-use. However does not allow to do certain things like making a full payment.,4
I enjoy using this app because it's not complicated to maneuver for an older person!,5
"Logs you out when changing screens back and forth, while checking budget sheets, eg.",4
very easy to navigate and I like it when I pay my bill that it shows it right away..,5
this app helps me keep track of my account balance and my credit score and history.,5
"Typical Bank morons. Slow, Merchant offers often don't work. Errors. Incompetence",1
"Very easy to use. Clean, logical interface. A really good upgrade from prior app.",5
I been using this app since 2021 and is been very helpful i totally recommend it,5
"it has always ran perfectly, no issues and I enjoy having my accounts all linked",5
the option should have us log in n then update. how do we know this isnt a scam.,2
"Easy to use, easy to pay your bill. Even more, easy to check your credit score.",5
I had no trouble getting to what I was looking for and that makes me feel good.,5
"Previous issues with sign on screen have been addressed, works much better now.",5
"Awesome!! Easy used.! Clear, perfect convenient, and fastest, so far, so great",5
It is convenient and seems to be easier to use than my earlier trials with it.,5
Just what I wanted in a card. So far so good  and still 5 stars a year later.,5
"well organized, easy to use, especially the self managed travel notifications.",5
It's easy to use once you learn to understand different components in the app,4
They are a great company and got great people working for couldn't be happier,5
"Application is very easy to use, and gives you all the information you need.",4
"Citi app is One of the best apps that I have used, easy, fast and reliable.",5
"reliable, no crashing. easy to use. I'm able to access information quickly.",5
"Easy to use, keeps your credit usage at your finger tips. I love this app!",5
"The app is very easy to use, and I can easily find the information I need.",5
very user friendly and handy to check your account at anytime and anywhere,5
"Easy to use, straight forward, self explanatory, plus really good offers.",5
"Easy to use, very clear and easy to understand information on the screen.",5
generally good app to keep track of spending as well monitoring for fraud,4
The app. is great. I love getting all my transactions posted in my email.,5
"Convenient, user friendly, and secure app. Ideal for monitoring charges.",5
Easy to see transaction and subsequently manage my account with the App.,5
"great app, surprisingly simple, it's gotten even better since the update",5
"It the bank in your hands, easy-to-use and excellent tool in your hands.",5
It's so easy to use. Everything at your finger tips. Very user friendly.,5
Simple to use and easy to understand. Being senior I so appreciate that.,5
"the app has common sence in it, easy to navigate. Still like it May 2026",5
The easiest most concise way to take care of most of your banking needs.,5
works perfectly better than the others lol I won't mention thanks citi,5
Fast and easy app to use. Love that it credits your payment right away.,5
I love my Citi App Very user friendly Easy Access-- Very suited for me!,5
"it's been a very professional an stress free experience, thank you Citi",5
"Out of all the credit cards I have, this is the most user friendly app.",5
so far so good. no issues at all. does everything it is supposed to do.,5
Keeping me updated on all purchases with all the information is great.,5
No issues with the app. I'm able to make necessary transactions easily,4
one of the best bank apps I have used it is easy to navigate through ,5
"simple to use, great with posting payments . overall, it's a good app.",5
The way they show remaining balance always feels extremely misleading.,2
I DON'T LIKE THE FACT THAT I HAVE TO UPDATE THE APP EVERY 3 MONTHS!!!,4
"clear information, easy to use. better than most cc apps I have used",5
unable to see my FICO Score as stated I could do. not user friendly.,4
very pleased with the app ad services I receive. satisfied customer.,5
The Citi card offers the best cash back programs you will ever find,5
"Easily accessible for tracking spending, scheduling payments, etc.",5
Easy to log in to. I like to use it to verify purchases on the go.,5
"Es una excelente aplicación, funciona muy bien y es fácil de usar.",5
Good perks on my card. Use it for everyday items to get discounts.,5
takes getting used to with how the app runs and manuvering around.,4
This is an excellent app. It's easy to navigate and well laid out.,5
"very easy to read, easy to understand format structure. love it ..",5
Can't even get on. Says the info is not correct but it is cottect,1
Very easy to use. easy to find what you need and to pay your bill,5
Great App Citibank is the best I would recommend it for everyone,5
this app is easy to use and its also nice in a lot of good ways.,5
this app makes keeping up with your financial account very easy.,5
citi card my first credit card.Even before my bank wells fargo.,5
Easy to set up and use. I can see payments and balances plainly,5
Easy to use and using the biometrics helps to keep hackers out.,5
easy to use especially when there is more than one credit card.,5
everything i need is on the front page... even my credit score.,5
I check all I need to know the first time I sign in. I love it.,5
I have gotten a nice cash reward for using the card every year!,5
I haven't used it often but it's a nice to have when I need it.,4
"The app is very easy to navigate l, makes Online banking great!",5
All good. Helped discover fraudulent charges in timely manner.,5
"Citi helps my family and Myself on a daily basis, thank you ",5
"Easy to use, can take care of everything I need using the app.",5
"Easy to use, secured and transactions are updated immediately!",5
Great app. let's meet do all my banking online. very efficient,5
"I enjoy using this app, it is very useful and very convenient.",5
I like it because it's very easy to use. I still love the app.,5
very good...sometimes have a difficult time checking balances.,4
5 star i love the app and citi it a great bank really helpful,5
"Easy, problem free to navigate, find any need it information.",5
