"I am writing to express my extreme dissatisfaction with the user interface. Specifically, the lack of a ""running balance"" or ledger view for my credit card transactions is unacceptable.While other institutions, such as Bank of America, provide a real-time update of the total balance after every single transaction, Chase only displays the charge amount.This lack of transparency makes it unnecessarily difficult to verify the accuracy of my balance.The current layout feels intentionally obfuscated.",2
I have in a very happy customer of Chase bank for quite a while. the branches are always well managed. the a t m's are always in great shape. and the bank security is outstanding. Two weeks ago I got a text message that someone was trying to make an unusual charge on my account and they questioned if it was me. i responded that it was not me. And they told me they were going to cancel the debit card and reussue me another one and send it to me in the mail. In just four days I had the replacement,5
horrible I might be going to the news either channel 8 or fox News about this bank I have a SSI check that was released to chase but I can't pull it out of the bank. it has already cleared in the account it's a huge offense to do commit on a for sure money cleared in the bank the bank person couldn't give me anything and the support they couldn't answer my question on why I couldn't pull money out even though it cleared in the account it's a government SSI check that was auto transfer shouldn't,1
"I just got an email saying my card is on the way but I can add it to my digital wallet and use it right away for purchases (including booking a trip!). THIS IS A LIE! I tried to book a flight, hotel, and car rental from Chase's own travel portal, and it couldn't see the card that was allegedly added to my digital wallet. In fact, the Chase Travel website requires you to type in your 16-digit card number (you know, the one I don't have yet because my physical card is still in the mail?). FALSE!!",1
"The app for reasons to be explained does not show any information regarding recently declined transactions, requiring calling customer service to even verify that a transaction was declined. I understand the need for additional security on large transactions, but not even showing an alert is a major issue. Both from a security standpoint and from a customer experience standpoint. Please at least show that there were declined transactions. if I did not request it. I definitely want to know aboit",1
Update: 1 year late and Chase is still vibe coding their security with some AI garbage or other low skilled labor. I would love for them to take security seriously and implement auth for at least a day. 0/5 I would love to see a MFA implemented correctly somewhere. Chase now only does MFA via their push notifications which don't even work because they can't be bothered to write code correctly. Frustrating and really lowers my overall confidence in chase writing secure and correct applications.,1
"Chase is a bank that will block you or freeze your account for no reason at all other than their stupid ai flags your account for ""suspicious activity""! Then you have to call them and every call takes at least 30 minutes due to their INTERROGATION OF YOU. FOUR TIMES in the first month they have blocked me for simply making absolutely normal transfers from my account to another account in my name. Each time they said they would fix this problem but each time they did not. NEVER USE CHASE BANK!",1
"This would be an OK app for credit card use if the current balance was displayed for each transaction. Charges, Credits, and payments have no context when it comes to an ongoing balance. Please study apps such as Bank of America to see how ongoing credit card balance information can be done. Also, app is overly busy with emphasis on Rewards and promotions rather than accounting to the client. Very disappointed to have a banking app that resembles a coupon mill rather than a financial company.",2
"I REGRET Trusting Chase because they're a major corp. who feeds off those who have less than others. They have set me up for perpetual failure with APRs at 27+% Interest. I have no desire to be in a relationship with Chase Bank or J.P. Morgan. They've BLED Me DRY. I have the ""Chase Freedom"" credit card. It's called that because as long as I am a customer with Chase, I'll ALWAYS be CHASING FREEDOM, but always ENSLAVED to DEBT. At the End of This Year, I'm PAYING OFF My Debt, You Have MY WORD.",1
"Really easy to use. At times it is tedious to sign in on a new device, but those loops you jump through are what help safeguard your account. That inconvenience is absolutely worth the security it provides to your bank account(s). I haven't had a need to make even a single visit to any of their locations in over 5 1/2 years thank to its versatility, completely eliminating the need of a bank teller or representative. I highly recommend downloading this mobile banking app. Definitely 5 stars!!",5
"I wish you guys would improve the investment part of the app because its so annoying how you have to wait till the next day for the charts to update so you can see what your account looks like. plus, you cant turn off margin if you turned it on and you have to go through a very hard process of contacting the customer service to change it back and then on top of that the prices of the stocks dont update live and stay stuck at old prices from like 10-20 minutes ago even if you reload the app.",2
"Absolutely terrible app. On a brand new stock Samsung Galaxy S25, with no root, no custom firmware, and no modifications of any kind, Chase suddenly decided that my device is “rooted.” That is simply false. Instead of allowing a normal login, the app pushes me into a bizarre phone verification flow asking for card details and SSN, and then tells me the office is closed. So because of Chase’s broken “security” system, I cannot properly access my own account from a completely normal device.",1
"Chase close my account without any warning and no reasoning. This bank is trash. I can't even access my money. they let fraud algorithm detect unusual activity. I can't get simple Zelle or anything Without it being a flag, this company is too sensitive. i'm going with bank of america like always. i knew something was up when I was Bang notified to activate my debit card. It was already active. It was telling me, finish setting up my profile on the online banking. I saw the warnings then!",1
"Disappointed with chase credit fraud procedures. I recently placed a small amount order (under $150) with Amazon. My credit account at that time had no outstanding balance, my credit limit that was much higher than the charges made and lol the purchase was to my mailing address. Chase denied payment. I cant understand why. When i spoke to them the rep claimed it looked suspicious. I respect and value fraud units, but why chase did not contact me before denying the charge i cant fathom.",1
"Overall an exceptional app Long term goal feature is terrible. I want to connect each goal with a single external (fidelity) account. Instead, all assets are dedicated to the ""highes priority"" goal first. Furthermore, ""contributions"" makes no sense. I want to see how close I am TODAY, not how close I would theoretically be if I contributed $100/wk. If my goal says I am 100% there, I want to have 100% of the money saved in my account TODAY. current setup makes sense for retirement only.",1
"I have been on the phone with chase 7 times today. I couldn't log into my mobile account. The 3rd call, they said that chase had changed their password format, and that's why I couldn't get in. The 4th call said, no changes! The 5th call sent me to tech dept. which was of no help. The tech gave me an incorrect phone number and I got stuck on the phone with some guy trying to sell me a ""help, I've fallen. I can't get up"" button. He wouldn't shut up, so I just had to hang the phone up.",1
"App used to be good, after an update I have to try to OPEN not log in but actually OPEN the app multiple times, then I sometimes get the error message that it's unavailable for devices that have been rooted, recently just bought new s26 ultra from a 22 ultra and right out of the box get chases rooted error message. Looking elsewhere online this seems to be a common problem and when reaching out to chase their response is to factory reset the device... It was BRAND NEW, fix the app.",2
"Needing to reset my password I spent almost an hour being transferred around, on hold or calling back as the three people I spoke to verified my identity. The last person I spoke to told me to make an appointment at a local Chase office to handle my password reset issue. I told the lady my solution was to cut up my Chase credit card. I will do that as soon as I submit this comment. I'm sure many of Chase's departments are excellent, but their Credit Card department is a nightmare.",1
"Not a fan of the hair trigger style side swipe actions, sorry. No practical need for them to only require a hair lengths motion of a supposed side swipe when no intentions of such actions were intently applied. Fix this please. Who has time in this world for unneeded mistakes that carry at times unpleasant consequences? I've grown livid of this very common desire from developers. It is only an annoyance the way that it is. The longer this goes on, the lower your rating will go.",3
"1ST THIS SHOULD I SAY REVIEW IS LONG. I'M A RETIRED LITIGATION LIAISON. I'VE SAID TO PLENTY OF CUSTOMER CARE REPRESENTATIVES HOW LOYAYAL TO CHASE. I CALL CHASE MY BANK AFTER BB&T CLOSED. I HELD AN ACCOUNT W/ BB&T FOR MORE THAN 10 YEARS YEARS IT IS MY FIRST ACCOUNT. NOW I'M LOYAL TO ""MY"" BANK WHO I MAKE CLEAR I ABSOLUTELY LOVE. MY GOAL IS TO OPEN A SAVINGS ACCOUNT WITH WELLS FARGO IN ADDITION TO MY ACCOUNT WITH PAYPAL I USE JUST FOR ESTABLISHING INTEREST-BEARING GOALS!! (3.4-5%)",5
"Stop shoving credit card adds at me every time I reach my home page. I dismissed it once when I openned the app, and three more times before I finished what I was doing and closed it. Once was annoying, four is ridiculous. I don't want to need an ad blocker for my banking app. Three stars bc the app works well and I can manage everything seamlessly. One and a half stars off for the above, and another half bc the layout is kind of a mess with all the random stuff you can access.",3
After the latest update the app no longer works. It gives me an error about my device being rooted or containing malware. My phone is not rooted as I don't know how to do that and I reset my device to factory default and it's still giving me that error. I went online and found there are thousands of people all with Samsung phones having the same error and all within the last 30 days. I need to either switch banks completely or go back to banking the way we did in the 90s.,1
"It stopped working, and I sent an email to the address provided for mobile support, and they want me to use secured email on the website instead. It's not account related, it's the app. I'm getting really tired of these support email addresses not being what they're supposed to be. Maybe that's partly Google's fault, but when I explain the situation clearly and I can tell the responder didn't pay attention to what I said, they get 1 star for being unprofessional.",1
"I can Access Chase Customer Care Service 24/7 via Smart Phone or th ru the Mobile app. any time,any where! The direct link btwn my Chase Bank Checking account and the Send Money with Zelle option has CHANGED MY LIFE FOREVER!!! Now I shop online- pay my bills on time! Transfer $$$$ to any registered Zelle Pay recipient any time any where with No Hidden! - pay my bills on time an shop online, pay my bills on time; transfer cash money to anyone any time any where",5
"UPDATE: They fixed the password autofill field but I guess they didn't check the username field while they were at it? How incompetent are these app devs, seriously. Autofill should work on the password AND USERNAME. Latest update broke password manager autofill. Works in every other app except chase. I'd love to just use fingerprint login but it's a pita when you have multiple accounts so I stick to the old school password login, which is now broken.",1
"Telling the user's phone is rooted or has malware, while refusing to work and not indicating what actually triggers the detection is unacceptable. It has been like this for months now. Check Reddit and you will see a bunch of Samsung and Pixel users complaining about this issue that seems to be coming out of nowhere. If there is an Android platform change, Chase needs to update the app to comply, otherwise delist this now useless app from Play Store.",1
"Chase Business appears to implement significantly stricter security parameters compared to personal accounts. T-Mobile's native IPv6 architecture (utilizing 464XLAT translation) is frequently misidentified by Chase’s security systems as a proxy or an insecure connection. This often triggers an automatic account lockout after just two or three failed handshake attempts, causing major disruptions for business users relying on the T-Mobile network.",1
"The app is currently broken for many Samsung S Ultra users. It keeps reporting that my device is 'rooted' or has 'malware,' despite it being a 100% stock device with all security updates. I’ve seen many others in the Samsung community facing the exact same bug. It’s unacceptable for a major banking app to block access to accounts and Credit Journey based on faulty security scans. Please fix this compatibility issue with the Galaxy S series!",2
"I received a new card while making a purchase and was instructed I could use the card immediately for my purchase, and the card would be linked to my SW account if I happen to navigate away. It's been an hour and my card has not linked to my account to make the purchase I started and calling the company that's associated with the Chase card....they just say I have to wait for Chase to link the card. Very poor experience for a new customer.",1
"The ID photo process is a nightmare you need perfect lighting, a dark background, and the stability of a tripod just to get it to register. And every single time I try to send money via Zelle, I get locked out for ""suspicious activity."" I've called three times, confirmed it was me, gotten back in and the second I try to send to the same person again, locked out again. and Money never goes through. gotta give it to chase bank bravo.",1
"the app is fine it's customer service that made me change my original rating. reported a fraudulent charge and got passed around 10x to the right person regarding the issue. i submitted a claim and then they responded back saying ""I"" made or authorized the charge when I clearly stated that I never made the transaction in question. Again the app is fine but customer service, dispute department, unhelpful and basically closed the dispute.",1
"I would give this app a five-star review, but there is an inordinate amount of bouncing back and forth I have to do to set limits and alerts. Parts of the app are not intuitive. I would also love if the developers would consider a feature where we could check off purchases as we verify them ourselves, and maybe flag other ones. All it would take is a data entry box and color options for each transaction. I do use the app more recently.",4
this Chase app is very distorted white and doesn't have a background where I can read the information that I need to work with as such as putting them in my password the screen is not like I darken my screen from my Android phone y'all need to put a new app on Google Play I'm blinding when I so I need clarity in the app to be able to use it perfectly you asked for feedback where I'm supposed to be able to send this information to,1
"Completely despise this app. It's the only app of all my credit cards that won't keep me logged in. Constantly have to go through all of these hoops that no other company like US Bank, Citi, Wells Fargo, ect. make me do to log in. I have alot to manage already so having to enter card numbers and find other information everytime because this dumb app will not remember my login is frustrating. I regret opening this card , heavily.",2
"Since a recent update, the app is using the predictive input for passwords. The field is no longer showing treatment of a password field as expected and it is allowing my password to be saved within predictive text. This means that my banking password, a unique string, is being saved as free text on my device and showing within predictive text! No other app I have installed does this. Chase needs to fix this ASAP!",1
"Chase Call Center Representatives and Staff are incompetent, callus and dishonest. One of their outsourced reps didn't process my payment as scheduled and as a result my credit score has been negatively affected and instead correcting the issue in a timely manner, it took them approximately 4 weeks to ""resolve"" my concern with dishonesty by blaming me the customer......They deserve ZERO stars in my opinion.",1
"Fingerprint Sensor Routinely Fails. For the last couple of weeks, I always fail signing in with my finger print. (biometric sensor) I have to go through 3 error messages before it takes on my Pixel 9A. I don't have this issue signing in to my other apps with my fingerprint. The only reason I use the app is it is easier than using the web version which relies on SMS messages and not an authenticator app.",2
"Device: 1+12r app works fine other than the fact I can't search for past transactions using keywords like other banking apps, instead, you have to search using the date of the transaction,plus, the amount that you're looking for, other banks like BOA, just need search queries like ""Amazon"" and all of my transactions from Amazon will be front and center, not revolutionary tech we're talking about",4
"STUPIDEST APP ever. You cannot remove an old payment method. I read Reddit, spoke to a supervisor, etc. The supervisor was at least able to advise how to manually add an external account, which I did, after the call. Little did I know you can't REMOVE an old payment method. This let's me know never to Bank with them if they make updating payment methods impossible. What jerk designed this app?",1
I've never had so many online banking issues or fraud attempts ever! I hate that you cannot search your transaction history by the name of a merchant instead of having to filter by what kind of transaction it was and amount. I would close everything with them if I didn't have to worry about the age of my credit dropping if I did. The checking account has been great but interest would be better!,3
It lists the things that recently changed on my credit. They were as follows. Account balances decreased Improved credit usage Improved credit usage Total available credit increased All seem like good things to me yet they say my credit score dropped 31 points because of these changes yet my FICO score went up 62 points. I'm give more stars when they fix this poor way of rating credit scores.,2
"Getting better... But then they break the app and make it worse. The app won't allow you to transfer funds anymore and requires multiple photos of checks for no particular reason. It would actually even mix up my accounts, so a payment made from one account would come out of another. Even more recently, it stopped allowing input from my password manager. Better to use the mobile website.",1
"Recently started receiving the message that my device is rooted or has malware when trying to add a Zelle recipient. My device is not rooted and the Play Protect app scanned my device and didn't find any issues. In my situation, I had the Cisco Anyconnect VPN app installed, and removing resolved the issue. I later reinstalled the Cisco Anyconnect VPN app and the issue did not return.",1
"Terrible decision to block screenshots! It used to work perfectly fine, but now I just get a black screen when I try to save a transaction or receipt. How am I supposed to quickly save and share payment confirmations now? You hide behind ""security,"" but you're just breaking basic phone functionality and making the app incredibly inconvenient. Bring back screenshots on Android!",1
"app is generally ok but a recent change made it so you can't use password managers anymore to autofill login information. they're really pushing the biometrics but last time I did that it gave full account access to a random person and they proceeded to get full control of my account, changing my password and address and all of that. just let me use username and password ok?",2
"App is good when you can get in. when you login with the correct login and password and the app says let's confirm it's you. Text a code, nothing, get another code, nothing, get another code. nothing. Try a different way, choose recieve a call with a code, NOTHING 3 times... I understand security but if YOUR security features are the problem, how secure is my info with you?",2
"After a year of having my phone, I suddenly get an error message while using the app ""Chase Mobile app is unavailable on devices that have been rooted or contain malware"". I've never rooted my o phone, nor I have malware. I ran all samsung security test and everything comes out good. I installed McAfee as well and same thing, no viruses or malware. The problem is Chase....",1
"The problem I'm having is that every time I log into my account I keep getting bumped out of my account with unwanted ads or interruptions. adds like going paperless, wanting to know how much my income is, and wanting me to use my fingerprint are all unwanted interruptions. because of these interruptions I have to continuously re-log onto my account. I don't like that.",3
Something is going on with Chase where it is marking some legitimate purchases through Amazon as fraudulent on its own and it's causing me a huge headache to sort out. Their customer support seems to mostly be AI which is what I'm guessing my problem is. The AI must be going rogue and auditing my account or something. I will be staying away from Chase in the future.,1
the app has glitches it doesn't record pending transactions and when I go into the branch the branch employee was rude because I'm asking for pending transaction that I'm looking for that I'm in dispute with a retailer or merchant so therefore that's why I raided this at two stars if some of these things were to be fixed I would definitely rated maybe five stars,2
"No option to close an account. I was forced to reach out to customer service, and it took so long that my account was charged and went into negative for a service fee just for the account existing. The staff is also trained to give you bad financial advice which will maximize the amount of interest you owe to Chase. My two other banks take the opposite stance.",1
"Chase has stopped caring about IT. we have a 10 employee small business. Today all the ACH payroll information just disappeared. We logged in to do payroll and all employee account info was missing. Chases' response: ""this just happens!, call back when the ACH team is available in the morning"". Chase is not a serious option for small business owners.",1
"this app is of little to no use, i've locked out of the app due to the app being locked to my old phone which is stupid not to mention you try to recover your account you met with a weird message stating we have disabled the forgot my password feature on rooted devices. i have a brand new galaxy s26 and my old galaxy s21 never rooted its a shame.",1
Easy to use..fast...and convenient. Update: August/20 Now I must update app or cant use it...dont want to..and can't because my phone is full and SD card not working...Now I can't check my balances! Not good Chase...very bad. Need to have this optional. UPDATE 5/2026 NOW I HAVE FINGERPRINT PLUS PASSWORD..WHY? I JUST WANT TO ISE FINGERPRINT..DUH,5
"Original:""It says I'm unable to access some features due to my phone being rooted or contains malware---this isn't true. I'd like to have full access to features please."" Edit: 4/13/26 This is no longer the case! It has been updated and I'm enjoying the app, or at the very least the app isn't a pain to use 4/19: They changed it back, screw em.",1
I've had nothing but problems with my new bank in this app accessing I've constantly being locked out required to go into the bank repeatedly for access my account which is made correcting the mistakes and stayig able frustrating as being locked out means I'm forced to deal with the poor treatment they give to paupers customer or not. boo jP,1
"You all should add a feature where it shows on the card itself if it is locked or unlocked. Just right on top of the card. ""Locked"" or ""Unlocked"" That way incase someone forgets that they locked it they can simply unlock it when wanting to make a purchase. Give additional star if you can make that happen. Other than that, pretty nice app ",4
"I am a chase customer and I bank there,they are very friendly, and have a lot of knowledge about everything of the company"" chase"" who they work for. and the fraud department is right on time. there have been several times my account almost got scammed and fraud department caught it quick. and notified me. and for that im very great full.",5
update your app so I can use passkeys. also add two-factor authentication that stays every time I log in it goes off. have an option if something wants to be changed that I have to verify my identity like my phone number for example since that's the most important thing on there for two-factor Authentication. same thing goes for address.,1
"Why did you block screenshots in the Zelle transaction confirmation screen? Does your development team actually think things through before releasing updates? Now I have to carry two phones just to take a photo of the confirmation, or download a bank statement every single time? This makes no sense and just makes things harder for users.",1
"A beautiful application, very smartly designed,good intricate security, fast and easy information of account!I really like A++ and financial accountability. Thanks, Chase Banking Team! Thanks again, Chase Banking Team Still a member of the Chase Banking Institution, thanks to the dedicated team members and staff representatives!",5
updates made it look nice but I keep getting a error to add recipient on zelle and cant access credit journey because quote on quote my phone is rooted or contains malware. never rooted phone and haven't downloaded anything new onto phone its been about a month and a half since its been happening 2 updates and no fix to the bug,1
"Mostly convenient, but their notifications are either nonexistent, or extremely persistent. And the notification you can set up to notify you of a certain points balance? You set it to 80 dollars and it lets you know when you've got 80 points instead, so stupid. I tried turning it off and I'm still getting the notifications",2
"As of 02/25 constantly says no Internet connection. As of 11/25 the app crashes when launched every third or fourth time. Completely wiped data and reinstalled and sill crashes. As of 02/25, it keeps nagging me to set up fingerprint login twice everytime I log in. Remember my preferences instead of asking TWICE every login.",1
"When logging in on my Samsung device(gallaxy s24+), the password field is not functioning as a secure field. My keyboard is displaying my password in the predictive text/AI bar. This does not happen in my other bank's app and financial institution app. It didn't use to be like this, but it started happening recently.",2
this app is slow and my account hasn't updated the changes that were made. I completely their promotion just to be told what I see on my app for the guidelines doesn't match their's on their end. otherwise pretty good. I will update you on their referral promotion process at this time I haven't received any updates.,3
"App is currently not allowing users full functionality. Anyone using the app is unable to utilize all functions because the app incorrectly says phones are rooted and/or contain ""malware"". has been this way for over a month and Chase denies any issue with the app. literally effecting 10s of thousands of customers.",2
Chase is always there for me Great customer service always pleasure to speak to customer service they so helpful I had account hacked a few times and where there help get my money back ever time other banks I have banked with did seem to care about customers but Chase does thank to all of you and CHASE BANK !!!!!!,5
"This app sucks. Been using it for years and now it won't display all of my accounts on the transfer screen when I try to transfer. Of course the account it won't show is the one I transfer to all the time. Be warned it sucks and their ""experts"" can't fix it. I don't think they even understand the simple problem.",1
"User beware, if you start a dispute, and then let the company have a 2nd chance, you can NOT refile the dispute at a later date. That is what happened to me. Now as a result, I owe will over $7,000 which i should have gotten returned. That's my personal story. Other than this problem, I've had a good experience.",2
"Edit: New bug, app opens then insta closes. So you have to open it twice every time. The ""search and filter"" function should just be called the filter function as there is no way to search anything. No advanced options either. This app needs an option to search by single words so we can look up vendors by name.",1
"Watch out! This app was saving my password on the keyboard word learner, it usually saves my username only, so and I went to the Internet site and it wasn't happening again so just go to the internet site instead of using this app until they update this. It started happening when I updated the app recently.",2
Been using since they released this app. Only complaint is that I can't transfer money to external accounts. I have to login to the full website on my computer (won't even let me access full site on my Samsung S3. Forces me to use mobile website). Major pain! Probably some banking regulation prevents them?,5
"For a month or two now. The app does not allow me to use Zelle or check credit score, as it mentions that it is unavailable for devices that were rooted. My device has never been rooted, however it has had developer options turned on before, that was never a problem though. Please, provide a fix, thank you",3
"The password textbox when logging in is not declared as a password field and is declared as a normal text field. The password comes up as dots in the actual text box, but is showing clear as day in predictive text as it's typed and it's even stored. Huge security issue. Chase needs to fix this IMMEDIATELY.",2
"Trade Options in this App at your own risk between 3:50 and 4PM. If you do Scalping, don't buy after 3:50pm and don't sell after 3:55. The transaction could fail. The stock market is saturated with transactions at that time. JP Morgan needs to improve, update their trading computers and software structure.",3
Figure out a better ui than a loading dialog for everything i tap on. Slow app. Also figure out your authentication. I enabled biometrics yet I have to login every time with my password and then again with a PIN. Biometrics should REPLACE auth not require 3 different Auth methods. it's not rocket science.,2
In the past month only this app has been showing my password on my keyboard when I type it. All my other banking apps don't show suggested text when I'm inputting a password. It can't be my keyboard if this is the only app that is doing it!?!?! anyone else having this issue. Please fix this CHASE.,2
Left Chase when they closed the branch closest to me. Thought the convenience of a closer bank would be better. Boy was I wrong ! I will take a little inconvenience to get to a branch a little further away for the piece of mind that my identity and financials are much safer banking with Chase !!,4
"Total spent for year for account, why is this not part of the app reporting? Why was it removed? How am I to track spending if I have no grand total of amount spent? I will have to use the website if not a feature included. Limits the usefulness of the app. Less user helpful, let alone friendly.",4
"Upgraded to S26 Ultra and now app opens as ""chase for business"" and I can't log in to my personal account. Still have my old S22 Ultra and the same app opens as ""chase"" and accepts my personal account login info. How does that happen? I don't see any other chase app to download on the new phone.",3
YOU KNOW I'M SORRY BUT I WAS TOLD THIS WAS THE BEST THING YOU KNOW AND EVERY TIME I GO DOWN TO GET MONEY OUT PAY MY RENT WHATEVER I'VE GOT TO CALL CHASE BANK THE LAST TIME WAS FIVE TIMES OKAY THAT IS SO I'M REALLY NOT SATISFIED WITH Y'ALL I APPALOGIZE? BUT HEY JUST MY EXPERIENCE ..SENCE DAY 1 ..,1
"How come when you exit out of the app with it still being open it in the background it no longer is a blank screen. It used to be a all white screen when you exited the app without closing it out to protect your information from prying eyes. It no longer works like that, it shows everything.",3
"UPDATE: ISSUE RESOLVED! THANKS! normally a 5 star app. Chase has by far one of if not the best user experience. EXCEPT - the most recent update broke compatibility with the autofill function, and thus, my password manager. I'll change my score to 5 stars once this functionality is restored.",5
"Chase has given me and my husband reason to trust a bank again. So helpful when we've had issues with online companies that are less than honorable. Being disabled it's hard for me to go shopping, so I do most of it online. So when there's a problem, it's great knowing Chase has our back!",5
"Can't change debit/ATM card PIN from app, phone, or webpage. Chase wants you to burn $5/gal gas polluting the air, adding to traffic, wasting my time, making the teller line longer wasting other people's time for the lack of a feature that most other banks have. Chase is not convenient.",1
"I love Chase Bank since 2007. From personal account, to credit card, to business account and more, I trust Chase Bank. Their customer service is second to none. Always superb customer service in every branch. Branches everywhere. I can't wait forvthem to open in East Colonial in 32820.",5
applied for auto loan promoted in the app by Chase. instead of just telling my my credit was frozen they outright rejected my application. we should all freeze our credit to prevent fraud. chase should have simply told me to unfreeze. hopefully other banks understand how this works,1
Today & for the past several months I have been trying to pay my Prime Chase Visa credit card and have trouble doing so - it will not accept my credit card info. I have had a Chase credit card for many years but over the past 3-4 months I have been having great difficulty doing so.,1
Overall the app works great. but it won't let me use credit journey as it said it can't be used on a phone that's been rooted or that has malware. My antivirus software isn't finding any malware nor is my phone rooted. So until this is fixed I can't consider this app complete.,2
"When I go to login to my account, my password is now showing up on my auto correct. At first I thought it was my phone but found out it was only occuring on this app. I have a pixel 9. In order to not have it show up I have to delete my autocorrect and disable it when I login.",1
"Two Chase Amazon cards had me confused. It cost me a missed pay and severely dropped my credit score. I thought I had made my payment, not realizing I had two separate accounts with Amazon. I should be reinstated on my credit score. look at my 83 plus years with zero default.",3
"Love this app!! My ONLY wish is that I could see my card details (number, expiration date, security code) in the app as well. Sometimes I don't have the physical card on me and I wish I could just log in to see the info. Other than that minor request, I have no complaints ",4
The app has been glitchy for a while now. I couldn't log in this morning. Please fix this. It keeps telling me I'm not connected to a network also. I had to log in on the web.  Edit: Whatever you did in the last few updates broke your app. Great. Technology is awesome. ,2
"After opening a SW card I have never received the miles I was promised to open the card. I have been getting the ""run around"" for 5 months now and still it's not resolved! This is ridiculous! Use another airlines and a credit card company if ypu want what's promised to you!",1
"If you're gonna report people for going over their limit how about not letting them go over their limit? I don't look at my balance until the end of the month, if I swipe it and it goes through I assume everything is good, now I got a bad mark on my credit bc of these guys.",1
"Constant ads to increase my debt in-app. Push notifications for logging in on a computer do not work. Everything takes 5 confirmations to finish. No one should expect to love a banking app, but this one is so bad, I actively avoid using it unless there is no other option.",1
App is great but app says my device has malware but it doesn't because I used my security scans and stuff like that. Due to this I can't check my credit score nor send money to my family members. Please Chase fix this. Other than that the app is great just when it works.,1
"Fix please! App looks off. The logo is covering letters, and much more distressing when typing my password, my phone is now not only displaying the key strokes but attempting to save them. None of my other banking apps are doing this. Uninstalling until further notice.",1
after last update the password became visible when typing it!! for all apps with security as banks. when typing on the password section it doesn't show what you are typing as you go. with the last update the password is now visible! fix please this is a security issue,1
"i have been with chase for over a decade and since i moved my direct deposit, my employer took a week to pay me and on top of that, chase held like 80% of my money for a day. it is MY MONEY. stay away from this shady bank. I wont even hear an excuse IT'S MY MONEY.",1
"Your AI assistant is laughably useless. and on top of it, your terrible UI makes the keyboard cover the text field so you have no idea what you're typing. And you won't let me email or message a human rep to ask why you stopped emailing me credit card statements.",1
"Excellent experience! I’ve been a customer since I first moved to the US, and the service has always been outstanding. They treat you like a person, not a machine, and you can really tell they genuinely care about your experience. Highly recommend this company!",5
"Chase app service is the poor service it keeps saying that they information is not the same as my information then why are you reporting me to the CFPB credit card company like Experian then, how you know if it's the right person you can not do that job right.",1
recent stopped letting me add zelle addresses. claims my phone is rooted. look at the forums thousands of people are basically locked out of the app. Fix your app chase come on. Also why is your app so bloated and slow. Time to fire software development team?.,1
"worthless. I already have an account with Chase but the app won't let me login or create another login for it. After screwing around for 20 minutes trying to get logged into this app, I logged into the website and got what I needed taken care of in 5 minutes.",1
"worst update ever. as you are typing your password on your Android phone, it shows that password. whether you have indicated you want to show password or not, which I would never. how do I uninstall this app or at the least this update because it's the worst",1
the transaction sort is wrong. all banking apps sort by the cleared date. this app sorts by charged date. when you think you have entered all the charges for a date into a tracking app and come back new charges show up and you have to figure what was added.,1
"This app is great, but then all of a sudden it just seems not to be working properly. It doesn't let me log in, and even when I try to reset my forgotten password, it tells me that my username is wrong. However, I did restart it and clear out the space.",4
"Chase cards for Marriott and Disney are the best! Easy to use, easy to understand website, and best customer service - especially in the face of theft or loss! Locked-in interest rates seal the deal for best credit card in my wallet...highly recommend!",5
"good, but recently I've been experiencing a bug where I'll transfer some money from spend, and it doesn't update unless I close and reopen the app. frustrating. if it was fixed, this would easily be a 5 star review. UPDATE: this bug was fixed! 5 stars.",5
got scammed in Amazon and the first card they sent was in 2 days the second card i was promised next day and it took 5 days usually I have great customer service from chase but in this case it seems they did not care about what I was going through,3
"This app accuses me of rooting my phone or having malware on it. It's stock, play protect says no malware, and is definitely not rooted. I am blocked from at least some transfers but I can easily do them through the website from my ""rooted"" phone.",2
"I really like the app, but a recent update to the way passwords are entered mean that the text shows up on my Pixel's predictive text. Rather than being hidden, anything I type in the password field shows up the way any other message/text would.",2
With the latest update I can't pay my mortgage. it states that it's unavailable in devices that contain malware or are rooted which my phone are neither. I can pay my credit card or go into my checking with no problem in the app. Fix it please.,3
I tried to make a payment online and by phone it was really frustrating. I could not make my payment because my payment method still had my maiden name. Now I'm going to be charged a late fee of $29.00 to $40.00 dollars I was told by the Rep.,1
Not what it used to be sadly. Notifications on Samsung just don't work and haven't in forever. Of the three choices only works. Android and text do not and haven't. Easy to pay bill and see details. But really need notifications to work.,2
what the hell is the matter with this app? I click on it to check my credit score and it tells me something about malware or a rooted phone. and yes I have a new Galaxy s26 ultra. the same as everyone else that's complaining about this.,1
"They said I had special offers with a big email message but once I clicked on it they said just not my account, lol... Then they asked me to rate them. Now I think I should get compensated for wasting my time and pain and suffering..",2
"app has been good however new ossue now for both me and my wife (Android) when attempting to transfer funds the app will not present all of my accounts to choose from. In the browser however, it displays all accounts without issue.",4
"Chase now does not allow use of a computer through the browser website to log in, forcing users to either call by phone or to use this app. This is an inappropriate coupling to the Android app system, and does not improve security.",1
Chase has a sophisticated ai driven algorithm to extract maximum moolah from your wallet. Got slammed for transferring a credit card balance they were charging 24% on. Remember this was that bank managing Bernie Madoff's Billions,3
Recent update has stopped me from adding contacts on Zelle on BS invasive system check by Chase which says malware or unlocked bootloader. Get with it chase many phone companies unlock bootloader when you change network providers,1
"The first thing I want to see is credit card activity and it is buried in the menus where I have to spend time searching for it. That was wrong, I just had to scroll down but it didn't seem to be labeled that way, just assumed.",4
"website services had lots of bugs! major issue, you can't search by name in transaction history! for example you want to know how many checks you gave to Adam Smith in past 12 month there is no option for that to type the name",3
Since last update app will no longer allow Google Password managed to auto log me in. I have to manually enter a 20 character string of random alphanumerics and symbols. Only the Chase app. No other banking app does this why?,1
Got an error - For your security Chase mobile app is unavailable on devices that have been rooted or contain malware. The device isn't rooted. Nothing suspicious was installed. Such an annoying glitch that disabled Zelle.,1
Sending a Push notification the day after a payment is due is predatory and despicable. You could just as easily send that the day the payment is due as a reminder and give a positive user experience. Enjoy the late fee.,1
"Chase is by far the BEST credit card I have ever used!! On a rare occasion, if I've had an issue with a company I've used the card with, Chase has almost always resolved it for me. Love the cash back offer, as well !! ",5
"pretty trash for an extremely rich bsnk. It's 2026 and AI is nearly running the world but I can't type in a word to search a transaction? yall still in 2012 or what? also, it closes every time I open it. fix it already.",2
A decent app with way too many ads. The marketing people think it's their God's right to do that. I don't. They are evil. How do we the users discourage them from doing that? I would like to invite a discussion on that,3
"Edit, new update ruined the customer experience UI. Now I can't even see what my account balance is! They have hidden it under layers and layers of UI rather than showing it on home page like it was before! Works fine.",1
"Not good, the new update from March 19, 2026, is now showing my password in my keyboard on my Samsung galaxy S21 Ultra. And it's only on that phone, but it doesn't show it on my S26 Ultra. Why are they different now?",1
"This app makes sending and receiving money incredibly easy and convenient. The interface is simple and user-friendly, and transactions are quick. It’s perfect for splitting bills or paying friends without any hassle",5
"I don't appreciate that they advertise their financial products to me within my list of transactions. For example, under my regular transfer from Chase to Ed Jones, there is an ad for their own investment products.",1
"in comparison to other banking intuitions/ app, Chase feels the most modernized and smoothest running. instant transfers are a big plus no waiting periods. I would highly recommend, especially if you're tech savvy.",5
Chase Bank is a great bank meeting my requirements. The bank's mobile app is user friendly and contains many financial guidelines suitable for any person either looking for an investment or managing his/her money.,5
Trying to navigate to verify my personal information and initiate updates. This is the most user unfriendly app. Makes me want to cancel all my accounts and pursue another Company and venue to handle my business.,1
"Engineered by complete idiots. To add a card to a digital wallet before receiving it one needs an account. But to create an account one needs a card number, before the card has been mailed. Stupid stupid stupid.",1
"I keep getting told I cannot check my credit score due to my phone being rooted or having malware. I do not have malware, I have not rooted my phone; that's not even possible with this phone. Please fix your app",2
"Chase serious need to fire the app dev team for releasing such a terrible app without QA. Tons of people are having issue with Zelle with the ""rooted device"" error. We don't have root! -Signed Samsung S26 users",1
I was Auto enrolled in paperless statements I tried to uncheck it and it wouldn't uncheck and now I'm enrolled in paperless statements and I'm going to have to figure out how to get it back to paper statements,1
keeps trying to send codes to landline numbers nobody has access to. I can't update my number so I have to pay with stamps and a paper check until the account gets cleared out and they eventually close it out.,1
I keep getting this error that my device is rooted or contains malware. My device is not rooted nor does it contain malware. I also do not see why a bank app should be dictating how I decide to use my device.,1
I have been a Chase customer for about 30 years. I would not use any other Bank. Chase is the #1 provider for the average consumer. They have all the tools you need. I give JP Morgan Chase a rating of 10/10.,5
"Been with Chase for 5yrs! they have been there for me when a problem would accure. And the staff are very polite and friendly to, I recommend chase bank to all who are looking for a bank they can trust. .",5
"Was making my payments on time, no warning, just closed the account. Killed my credit overnight. I was even doing exactly what they wanted, earning extra points by charging so much on a shirt time period.",1
I'm very happy with my chase Account and I been with them for a long time my direct deposit comes & early I work at Burlington and in we get paid on Friday and instead of Friday I get paid on Wed night .,5
It used to be so easy to track your spending each month and how much was spent where etc. They changed it and now it's gone/hidden or something so it's incredibly difficult to keep track of your expenses,3
"Been my bank/app of choice for years Currently the password input is not registered as ""password"" under Google's keyboard format, this could pose security risks with other keyboards that store data.",4
The app stopped letting me sign in to make payments. Submitting to a forced update is the only way to get around their intentional sign-in block. The app worked just fine prior to the forced update.,1
"I've got almost 810 credit score and this is STILL about 30% APR charge. I'm about to transfer this balance, cut up this card and take off Amazon account since that's the only one that charges it!",1
Update: Fixed as of 4/17/26 Something seems to have changed so that the password field is treated as plain text and feeds your password to the keyboards autocomplete. Unbelievable security failure,4
"Travel booking is broken, and I can't log in via the website because it insists upon getting confirmation from the app on my old phone, not my current one. UPDATE: Transaction searches are broken",2
"My device is not rooted and doesn't contain malware, and if it was, why are blocking me from viewing my credit score but allowing me to do everything else with the app, including sending money?",1
the app is saying my phone has malware or is rooted when I try to check my credit score or statement. neither is true and I have tried on two devices. it lets me access everything else but that,1
"The CHASE credit card interest rate is high. Individuals with an 800+ credit score should be offered a much lower rate. When an inquiry was made, the quick response was ""No."" SHAME on CHASE!!",1
Putting ads in the middle of the transactions is disgusting. Popping up an ad for what I can do with my money every time my direct deposit arrives is also ick. Be a bank not a marketing firm,1
"best bank ever, I got my first Chase account over 45 years ago and been with other banks as well and Chase has always been my best. Now I only use Chase for all my banking and credit cards",5
App has been great until this week. Now it won't let me sign in with the same credentials that I use online. It keeps telling me it can't find my username or password. Highly frustrating.,1
I've used this app for years. Just out of the blue when I try to log in started telling me that it can not locate my information to log in. That's even with using biometrics. please fix.,3
"Chase randomly started restricting my access to features claiming my device is ""rooted"" or containing Malware I've changed nothing in my phone over the last 4 years I've had the phone.",2
it's an app. it works. one complaint is that it takes to long for purchases to stop pending and it'd be nice to pay even if they are pending. that's a chase problem not the app though.,4
I like the app. I wish the easy balance check was brought back though. it was so convenient to just check the balance with a quick swipe of the login page. Please bring that back!!!,4
recent update makes app think Galaxy phones are rooted so almost entire app is unuseable. edit: over a month later and this still hasn't been fixed. glad I switched to this garbage.,1
"Can't add recipients due to ""rooted or malware device"" error. This is an issue for thousands of users. Please fix the app. My phone is neither rooted or facing any malware issues.",1
"last couple of days, that I've noticed, the app doesn't accept my pwd or username, I go to the Web browser and the user name and pwd works just fine. fix the APP please 2026-04-08",5
"No chat service, long wait for customer support. No detailed information on the app. I need to connect with an agent every time I need to know something specific about my account.",1
"New issue: your device has been ""rooted"" or contains malware. Whoever this genius who came up with this check must be fired! Chase, fix the issue as there is no root, no malware.",1
"This app is very good for all my banking needs, but it would be much better if there is a dark mode and perhaps the ability to change the pin of one's card in the app when needed",3
troublesome and will have you calling customer service consistently. Customer service will barely be any help. if you're not stuck already I'd advise to not even start with them.,1
if you like having to reset your password everytime you want to pay your bill this is the app for you ... oh and it doesn't let you save your password or remember your username,1
All of a sudden it tells me my device is rooted and cannot be used.. but it's not and I've been using the app for years...hasn't been fixed yet..about to switch banks over it.,1
Lack support & close accounts for 20+ year clients who have a cancer emergency in the family. A bank with no respect for cancer will have little respect for its other clients.,1
"This application is designed to be user-friendly and offers the most efficient way to access your account, pay your bills, transfer money, deposit check and view your balance.",5
"got to be one of the worst banking apps ive used. constantly signs me out and is confusing. also chase is a horrible bank, with horrible interest rates. get out while you can",1
Chase has saved me some money because I ordered some things on the internet and and obviously it was a scam and they declined it and if they declined it then I don't buy it.,5
"chase is the worse bank ive ever experienced horrible customer service, card doesnt work half the time and even with my overdraft turned on it doesnt work chase is garbage",1
"After April 2026 update, not able to log in on mobile app 3 different devices, all Droid. Doesn't recognize user ID. On website, user ID ok. DO NOT UPDATE!!! No stars",1
"They close all safe box in Phoenix are without any explanation, I'm going to close my checking and saving account,I don't want to dealing with this bank anymore. Sorry...",1
"Chase is the best US bank in my opinion, and the app is one of the best and most complete I've had. I just love it. try it out and see for yourself how convenient it is.",5
it won't let me get a replacement card because apparently my phone is rooted.... news to me since it's very much not and it's a Samsung where that's not even practical.,1
Chase Bank is a bad bank. $34 for every draft is theft and I wish more people would stand up against these corrupt corporations. They made $1 BILLION in overdraft fees,1
"The Chase app works well. The user interface is intuitive, and the layout is simple to understand. You can find the options you want and take care of business quickly.",5
"Too hard for seniors. I was not able to get an answer to ""How much is the charge?"" The reviews is not good either. so I am to ready to enter from frying pan to Fire.",1
nothing about this app works. the chat box is hidden behind the keyboard. there's no option to add a passkey. NFC card detection fails. Customer support can't help.,1
"Chase is once again putting ads/""Chase offers"" in my transaction history. That is ridiculous. Why should I be forced to look at ads while checking my transactions?",1
Password field on the mobile app shows my password in predictive text while typing. This ends up recording my password. A huge security risk. Using Google Android.,1
chase is good all around. I needed a chargeback done and they took care of it for me. they set me up with a self investment account and I'm up over 20K in a week.,5
"Tried to add a recipient to my Zelle and got a message saying it was unavailable because my device is ""rooted"" or has malware. This is not true and must be a bug!",1
"For some reason, this app needs updating MORE often than others which becomes a hassle for customers who don't have the time to devote seemingly every few weeks.",1
Recent update to app causes account to change to Paperless without any user input. Then I have to go into settings and manually revert back to a paper statement.,1
they've given me an increase in my card and I didn't even ask and they don't pressure me when the monthly payment is due so I've set it for automatic withdrawal,5
Just a really good bank in keep your money. I feel safe and that my money is secured . That you Chase for being there when I needed help during crucial times.,5
Chase has not done me wrong since I have been a customer unlike other financial institutions. I will be with Chase until they do something to lose my trust .,5
"it removed the report a problem button on your purchases, I can't even report a purchase I didn't make because of this! I want my money back! fix your app!!!",1
Chase is the best bank with the best Customer Service and the number of branches and Financial Services available than any other bank I've ever dealt with.,5
"Constantly locking my card, charges monthly fees, bank transfers take days even if its supposed to be instant. No digital mobile chat only call services.",2
"It's so easy to use for all daily bankings need。However, it is very slow on the self directed investment. I have resorted to using a PC or web based.",4
This is maybe the most useful app I have on my Galaxy a51!!! Can't do without this app!!!!..Also love the Snapshot Questions!!..Greatly appreciate.!!,5
