I've been with Wells Fargo since my first bank account.. I don't know when the overdraft protection disappeared. but this is the last time I'm ever going to wake up to my account in the negative because some company doesn't have overdraft protection anymore. I woke up $100 in the hole and I cannot afford it. now I have to go tell my little girl that she can't go to a concert because businesses don't care about us & don't take out their money until almost a week later. canceling my account today.,1
"4.8/5? that's a fake reviews. this app and bank is at most 3/5 rateing. Auto payment is not working properly. My due date is 2/2, and then the auto payment change from 2/2 to 2/3? This causes a late payment. Not sure if it is a rigged auto payment or not. There is no way to cancel auto payment on app. U need to make a phone call? Why? This does not make any sense. Best advice, dont use auto payment. fake posting on ur account so they can charge u a monthly service fee. stay away from this Bank.",1
"I'm about to leave WF bc of their relationship w/ Zelle. I cant even send my own husband money through Zelle! The one that sends me $2k every first of the month, I cant even send him $1K when I want. I am soooo sick of this. Zelle was supposed to be the instant, cost free solution to Venmo or Cashapp, etc. Yet there is nothing instant about it. My transactions to my OWN HUSBAND, who banks with Navy Fed, are constantly capped at $1k or reversed for no reason!! I've been w/ WF for over 20 years!!",2
"EXTREMELY unethical business practices. Even when you're going through a very serious financial hardship and are homeless they treat you like a number and never once did I feel like I was being treated like an actual human. I've been a Wells Fargo account holder for over 14 years and they can go pound sand. their customer service is just robots and even when I threatened legal action their response was continued gross negligence of serious issues. loyalty is worthless to them, go anywhere else",1
"OMG.Been with Wells since 2011.They are back again,with highway robbery.1st 2012 I had 2 accounts Wells opened 4 I didn't know about.Xfinity month to month no contract .Turn my router in paid.Took them off auto pay.Of course ,Took me off mobile banking .Xfinity 195.Wells let Xfinity overdraft me.I can't even overdraft.Added 70 in overdraft.That I don't have.Im 65 Spinal chord injury, emphysema with a 14 yr old.Their customer said they my money for me on Friday 14 times and all my gas.No money.",1
"Very helpful thanks! I can handle my finances where and when I need to. It's a perfect app that enables me to take care of my banking needs, easily. After 4+years of use I still love this app! It continues to have updates that make an awesome app even easier and with new advances to help manage a wide range of information about my financial situation. This enables me to make informed decisions. It also ended me to quickly find an unautherized charge and helped direct me to where to get help! ",5
"Wells Fargo shouldn't exist. I had zero debt except mortgage, my mortgage payment went from just under 1200 up to just under 1800. when I called, they said they didn't know why, I called again, dInsurance. I'm not paying the extra until someone tells me why, called again and got Dianne. Dianne told me I cancelled my insurance. She was horrible. I don't read the paper, I had a neighbor call and asked why my house was going up for public auction, in a days,. I had to get an emergency chapter 13.",1
"Great banking app for typical bank account stuff. Easy to add external accounts. A little bit less intuitive for buying stocks or ETFs in a brokerage account than say Cashapp, but it works once you get the hang of it. One thing I would say is that it is annoying how when redeeming credit card rewards. you cannot just select to redeem ""all rewards"" rather, you have to type in the dollar amount of rewards you want to redeem. Just add a ""Redeem All"" feature like everyone else. :-). #loudspeaker",5
"If there was a way to get the notifications WHEN transactions are done and NOT when the bank automated systems gets around to it, If there was a way to NOT get notifications between 3 AM and 5 AM my local time, If the notifications were done at a time that there IS someone available to fix any problems the notifications are being sent about, If there were actual people to talk to and NOT an automated service WOULD help. I could write more problems and solutions, but I would run out of space.",1
Runaway from this scam! I have had them ever since high school so over 15 years my credit score is often 800 or higher. I recently experienced some hardship and went to ask them for payment options and plans for my Visa. The two people I spoke with on separate calls both said that they don't offer any plans. There's nothing they can do to help me. My option would be to pay the minimum balance of $69 and by then I should apparently have it paid off in 3 years she stated. Fees being $45/mo. No,1
"Wells Fargo is garbage. Issues blocking purchases that I've approved. I can't make too many payments on my credit card each month without a Wells Fargo bank account. You also can't deposit any of your cash back into a bank account unless it's through them. Now they've decided to disable my log in for literally no reason. When I called, they gave me a temporary password that didn't work. Now I'll have to wait on hold for hours over absolutely needless nonsense. Pick any other credit card.",1
"​Don't fall for their balance transfer offers. I paid $450 in fees to transfer a balance onto a $20k limit card that I had a $0 balance on. As soon as the money cleared, they dropped my limit to $1,000, leaving me $8,000 over-limit and demanding immediate payment. They basically stole the transfer fee and are now forcing me to pay the balance back instantly. Extremely predatory behavior. I will be filling a CFPB complaint if this matter is not rectified. Customer service is zero help!",1
I don't like the way your app acts like a fortune teller and saying that you're going to be a -200 and something dollars on April 30th. I pay my bills manually. whoever the developer is that programs this app shouldn't have that there were according to our predictions you going to be a -200 on April 30th that made me very mad when I punch everything in manually in the app and I don't do anything before I have any kind of money. I got my money today your app does nothing but tell lies.,2
"terrible bank, 2 people wer absolutely rude, begging for help and basically just told oh well too bad and condescending attitude that make you feel horrible. been with this bank for almost 20 years, I got into a bad accident that set me back and desperately trying to get caught up, get told sorry cant do it more then one time a year? but can call cops for ""wellness check"" instead of fixing the problem out of spite. no longer using them once my case is settled. 20 years good enough ",1
"when banks go to far. so you see a charging your car that you don't remember and what does your bank do with your hard-earned money that you are giving to them to hold for you and that you trust them with they decide to freeze your account on the weekend to make sure that you can't talk to anybody or get any of your funds out of your account until Monday. so when you have no formula or no diapers you can't count on the hard-earned money that you make at your job and use that to pay,",1
"I have,alot of funds then I go to open an account, so 1 Day later they close My account Due to past over deposits, I'm like What???? -120 Star's you think Y'all would love to have my business but So Conceited Maybe!!! I Don't Recommend Wells Fargo Las Palma's location and marbach by the HEB location. What kind of banking is this to say after March 5 that ,imma be not even allowed on there Wells Fargo property, I didn't even curse nobody out or disrespect anybody, use Wrong words?",1
"The last couple of years, app sign-in page, keeps deleting part or all of what I type. It hasn't mattered whether it's the username or p.w., sometimes all or part of each delete. Usually, it's part of the username & I've almost gotten locked out of my account because of this. I've sent msgs before, but this is STILL an issue. I have to type a character, wait to see if the app will delete it, then, usually start over. & I wont use biometric on my phones (all 3 have been Androids)",4
"The app itself is very user friendly and the app isn't cluttered with extras that we don't need. 5-22-2026 Update and not necessarily for the app but Wells Fargo themselves are grimy and everything just came to light about why purchases take so long to post to your account. When an account is low or overdrawn, they allow down the paying of new purchases in order for you to get extra late fees added on to the account because they can only do in 3 fees a day increments per day.",2
"Although I LOVE Wells Fargo, I find I might have to leave as I now live 400 miles away from the closest branch office! I've been enjoying WF for over 20 years and I have never regretted being a customer-member of this GREAT organization. I have experienced wonderful treatment when I've really needed help. WF has ALWAYS ""HAD MY BACK"". To say that I've been treated fairly is a gross understatement. I don't want to leave but it seems I might have to. How unfortunate for me!!!",5
"When Wells Fargo bought out Wachovia, of five people in my family that had accounts I was one of two that crossed over to Wells Fargo. app has always been great, until the changes over the last few weeks. What happened to real time? that's always been one of the great things about your app, the immediate real time updates. Therefore, I can no longer allow my 5 star review to stay. If there were 1/2 stars available, I would actually rate the app a 2.5 at the current time. ",3
I opened up a checking account that paid a $350 bonus with direct deposits after 3 deposits. Wells Fargo paid a $200 transaction and the money was not in my account. This transaction was not authorized by me. I contacted them and asked for a reversal for the $200 which they did but they then notified me that they were closing my account and I was a security risk and this happened before I got the $350 and I had fully qualified for Wells Fargo's bonus. Complain to the DOJ,1
Idiots put a phone number on my account that's not mines and they won't let me change it. You all sent me a code the very first time on the right number and then having sent it to the right number since and you won't let me change it but somehow I can't have a credit card like I'm the problem. How come you all are the one screwing up on everything but I can't have a credit card? What's the use of having you all if I can't use you for what I need you for or anything ,1
"This app works fine enough I guess, but compared to my credit union, it's really annoying to use. Way too many sub menus, the biometrics time out all the time because I only use it for my mortgage and that's too long between logins, plus they LOVE shoving ads in my face the whole time I use it, forcing me to opt out of ""remind me later"" of all their dumb services, so that sucks. I guess it's nice that it reminds me why I bank with a credit union instead.",2
"TOO LATE! I AM NEVER COMING BACK! YOU STUPID DICKS!! NOW YOU LOCK ME OUT OF MY ACCOUNT SO I CANNOT LOG IN AND SEE WHAT IS GOING ON!!! I THINK I WILL CHANGE BANKS!!! SINCE YOU ARE THE NUMBER TWO SCAM BANK BEHIND VANK OF AMERICA!! OH YES, I KNOW ALL ANOUT THE MONEY YOU STEAL, EVERYTIME WE USE OUŔ BANK CARDS!!! I DO KNOW ALL ABOUT THAT!!! BEST READ MY REVIEW!!! NOW A SCAMMER!!!I SEE YOU ARE STILL ACTING LIKE SCAMMERS!! NEVER ASKING FOR AUTHORIZATION!!!",1
you're getting five stars because I have NOT upgraded to the new program. I did however read everyone else's reviews of the upgraded app. now I count myself lucky. well there are some aspects of the old version that I don't particularly like. you guys should have just tweaked it a little bit. you should have taken customer suggestions and built upon that instead of fixing something that wasn't broken so I think I'll stay with the UN upgraded app.,5
"pretty immediately disappointed after opening a new account. this app doesn't appear to have dark mode, which isn't just a preference it's an accessibility feature for the photophobic and photosensitive disabled. moreso Wells Fargo doesn't seem to have any way for me to use a new credit card while I await the cards arrival in the mail. they talk about digital wallets but until you've activated the card those features don't appear to work.",2
"Wells Fargo failed to protect my account after my debit card was stolen, resulting in a loss of over $10,000. Not only did they allow declined fraudulent charges to bypass security, but they also ignored my requests to cancel the card. To make matters worse, they sent checks to an address I specifically told them was unsafe. They have denied my refund despite their own security lapses. Absolutely negligent—I will be pursuing legal action.",1
"assumably does what it's supposed to update: 04092026 biometrics for this app are non operational at this time. pop-up message says, ""You must set up biometrics on your device before you can use them to sign-on."" **They are set up! and it works just fine logging into my phone when the screen locks. fix this issue and I'll give 5 stars again (if this app hasn't been ""fixed"" into a state of inoperability by that time!) google pixel 6a",1
"App is okay, but you guys really need to fix the biometrics. After logging in a few times it takes of my biometrics that I have saved on app. Whats the purpose of the extra security if the app keeps removing it and prompting me to re-add my fingerprint?! Its frustrating Update: Not only am I having the same issues with the fingerprint but now the app or website wont allow me to turn my card back on. It says I dont have one.",1
"Can't verify my identity with Ticketmaster. I have been with WF for 40 years and dealt with various issues but now I try to buy concert tickets and need WF to text me to verify my identity.... get a message saying ""oops, it's a problem on our end!"". so now what? Does BOA have the same issue? Am I the only customer that tries to use Ticketmaster? now it tells me I can't post to the server. I'm about to need a new phone",1
"Wells Fargo Bank's online banking and mobile app gives me easy access to all my account data and the current status of my financial situation. It tracks my spending, monitors my credit worthiness and alerts me when something needs my immediate attention. I am completely confident that I can rely on it to accurately document every transaction and assist me in completing all of my everyday banking needs.",5
"I have been with Wells Fargo over 6 years and had one problem. In a rush to get out of the drive-thru, I got out $300 and drove away without taking the money. I went back to let them know and they did absolutely NOTHING to help me see if the driver behind me took it! They told me I had to hire an attorney to look at the camera! Customer service was nice but were bot able to help me get my money back!",3
"im starting to like wells fargo again. I have been faithful to them for over 18 to 20 years. for years I loved them and then for the recent 5 years I was thinking of leaving them but I stuck by them and waited and for the past year they have been wonderful. literally, perfect. so im glad I stayed. I just hope things stay this way. never run when things don't go well. stick around and wait for change",5
"Just when you learn a bit of software, some pinhead software guy needing to justify their job updates it. Everything moved around, not convenient or intuitive as before. This new version is the worst yet. Customer service is now AI and it's useless. Is it to much to ask if I can have pending bill pays be reflected in the checking account area? I guess it is. Wells Fargo: too big to care so f off.",1
the wells Fargo security cyber is not only disrespectful but useless l got a new card last week cause l only used it one time and they put a block on it security block this was last week called them lady that answered asked for my phone number so l gave it to her she replied this ain't you and hung up on me been calling bank every day since can't get no help lm calling my lawyer.,1
"I tried to order something and I verified once through the website, which had me verify through my banking app (Wells Fargo), then Wells Fargo confirmed that 'yes' it was really me making the purchase... and none of that was good enough, I still couldn't make the purchase without making a phone call, taking a picture of my drivers license, verifying myself five times ughhhhh",1
Well I've tried several times to get the app put on my Android phone I have a 2024 Motorola razr it's an Android anyway I'm unable to get the app to appear on my phone after I've asked to download it and then it gets kind of weird do you want the app on all your phones nuts and I'm just sick and tired of it it does still doesn't show up I try everything so I give you,1
"This was a good app, then they did something and now Mobile Deposit is gone. Their stupid AI says to enable camera permissions, it already has all permissions! how does a bank app get released that removes one of the most important features? you can get to the mobile deposit page via the search, however, you can't see any accounts to choose, so it doesn't work.",1
"Wells Fargo Scam.... tell the customer federal law requirements is to update address and then account #. Now you find your existing account is no longer available. It was really to get the customer out of the 20 year no charge account. My 2 other banks did not require any changes, and I asked the other banks about the requirements. No such such requirements...",1
transactions search is completely does not work. I can see transactions only for current and previous month. History is completely hidden from me. Cannot see what I purchased even few months ago. Why I cannot request to increase my credit limit? Why do I have to waste my time sitting in the call? This is not rocket science - all other banks has this feature.,2
"App works ok.. The Wells Fargo Bank is the big topic and would get a -10 stars! If you're paying $175, they'll take you for a whopping $80. give or take by month of 45.7% in interest fees! that drops your payment to a mere $95. per payment! lol. Wells Fargo used to be a good credit card ""BACK"" in the days, not so much now! YOUR BALANCE NEVER GOES DOWN!..LOL",1
"*5/1/26 UPDATE, GOOD WEBSITE CHGS, MUCH EASIER TO OPEN ACCTS. XFER TO SVGS, NAVIGATION BETTER *7/2023 UPDATE: THE NEW BILL PAY IS NOT USER FRIENDLY. IT WAS EASY TO USE AND UNDERSTAND UNTIL THE RECENT UPDATE. ALSO MY BRANCH HAS HAD MANY ATM CLOSURES SINCE THE MOST RECENT SERVICE. MORE REASONS TO DISLIKE WELLS FARGO. * PERSONALLY I DON'T LIKE WELLS FARGO.",4
"More of a rating of the bank than the app. Signed up for an account with the $325 promotion. Made the necessary deposits, never got the promotion and instead was charged two accounts maintenance charges. Couldn't even be given an proper reason why the account was made ineligible. Never touching this bank again and will instruct others do to the same.",1
Search Filter is frustrating. No date range availability. Requests 12 month search for a specific transaction and only get 10 months. I wish I were able to sort transactions by description and transaction type like I use to on a PC. Unable to print filtered transactions the way they are viewed in neat columns on screen. It runs everything together.,3
"this bank is the laziest bank in America. only open Monday thru Friday and the only bank that does so. this bank will fall because of it's hubris. we were $2.40 in the hole and they are holding my $500 check for no good reason. At least they aren't telling us why. They want to control us, that's the only reason for doing things the way they are",1
"Wellsfargo banking system is greatly beneficial for the money to be able to receive your direct deposit immediately after payment and quality of the bankers are impeccable, plus the banking security system of account protection cannot be replaced : I love using the app and password to connect with my money to pay my bills and entertainment ",5
"been banning with Wells Fargo for 20 years, now they suddenly block my transfers, and won't let me control my own money. Cost me $1500 and maybe my home due to their inactive, even after calling support. Filed a report with the CFPB about a month ago, still waiting to hear back from the bank. Find another bank that won't cost you your money.",1
So far my experience with Wells Fargo has been very pleasant. Their security measures make me feel secure that they are always on top of purchases I don't often make and will always decline it to ask if this was MY attempt to make that purchase. It may be a small inconvenience but worth it to make sure no one else is using my account.,5
"App is broken and does not complete intended functions. Some things work, others are an endless loop of logging in and out til the end of time. Why have such a terrible app then and close all your locations? Easier and faster still to drive to the bank. Humans have brains. The app and the new AI with the app cannot do anything right!",2
The mobile deposit no longer functions for me because the system can't recognize check images anymore. WF has been a nightmare. Banked with them for 25+ years then moved to a state that has no brick and mortar locations and WF couldn't bother to waive ATM fees AND now I can't deposit my checks. A fully non-functional bank in 2026,1
great bank. Great people. Great app. has tools to monitor and protect your money. alerts you of suspicious activity and Ives you the ability to shut off your debit card when idle. And their always friendly customer service is 24-7 personal human professionals that are easy to access without the ai Frustrations wasting your time,5
Excellent App Probably the most resourceful and Secure app I have I know it's my wife's most used app who ever developed this is Top notch Kudos to you it has all my Banking Needs gives you control over your Card and always keeps you informed it's saved me once or twice I don't give 5 stars easily I'd give this 10 if I could,5
"i had an account in Well Fargo Bank, and I got deposited 2400 out of my recent job that I decided to quit.so I was San Diego California for personal reasons, wild I was there I couldn't use my account or pull out money at the ATM , I had to call for 4 Day to get my account unlocked. on the phone for hours. no start's at all.",1
"This app doesn't work, and obviously this is spyware. Where is the authentication option when I am ""forced"" to verify my identity? What a joke! I'm tired of Wells Fargo, they obviously have no interest helping facilitate my funds, just making money off the interest of my accounts. I'm going to use my local credit union.",1
"Auto Loan, it doesn't have a option to pay Principal Balance on the app. You are required to pay 3 months in advance, and only after that will the funds apply to principal. Or you can inconveniently mail a check stating principal only, or go to a bank and deposit for principal only directly. I believe it's on purpose.",1
I've had my account with Wells Fargo for a lot of years. I've made a lot of mistakes with my money and they've Helped me solved all my problems. l highly recommend there Service. l hope not to ever get a call again from Security they're like my Mom spanking my hands.Thank you All for taking care of my money and me!!,5
"no go with someone else, anyone else. ZERO STARS I had a credit card lost and I canceled it and asked for a new card but I had a large amount of cash rewards still left on it, and now there all gone! this is not right Wells Fargo and if this is how you treat your customers I'm done with Wells Fargo. Dirty!",1
"you would Not close my account when I moved to FLORIDA and than proceed to charge me extra fees to Suck All of my $250.+$$'s than close my account. I asked by phone, to close my account and send me a check, since there were no Wells Fargo near me in FLORIDA. I will NEVER do business with your bank!!",1
"I never receive emails for upcoming due date even though the settings are on to notify me 5 days before. However,I always receive the credit-close updates. Seeing similar stories about due dates notifications on Reddit, so I wonder if that's intentional. I don't have this issue with other CC apps.",2
"this has been an excellent app until today. God help you if you want to speak with someone. I have an issue with my account. I am responsible, but I would like to speak with someone on the phone. Out of town training for new job, I am tied up during business hours. App and website no help.⁹",1
"Your ""way to save"" savings accounts charge you regardless of the rules you laid out. The reccuring charges ($50 a month bills)from the main account no longer count apparently, and I was charged a fee every month since November before I noticed and closed the account. Very unprofessional.",2
"Nice app, but after one of the updates I can't find account fees info. Previously it was easy to find in account overview, but now it is hidden or completely removed. It feels like they did it on purpose, so that user can get into that trap and miss a requirement to avoid a fee.",1
"Your company is dogshit, I pre-ordered the s26 ultra and you rejected my credit card like 6 times and after I finally got it to work and it was re rejected days later, so now I am not going to be getting my phone the day it drops even though I pre ordered it weeks in advance.",1
Many thanx to all your employees @ Wells Fargo that helped my transitioning from Pharmacy Tech & full time caregiver of 17 years to fully retired @ 65... Again many thanx to you all @ Wells Fargo & now my transitioning journey begins  & wish you all the best ☺️,5
"They do not honor their customers' wishes. When clients take the customer money and they still make the customer pay for it. regardless of what the customer says, wellsfargo don't listen to their.. in customer dispute with merchants. they make the customer pay.",1
Balance on the app/account should be more clear/transparent it is very inconvinient and frustrating not seeing the transaction details and balance right when you sign in and clic on transactions. Please don't reply asking to contact you unless I'm getting paid,1
"As of a couple of days ago, I can no longer log in from my Samsung tablet running Android 13 - I get an error popup that says ""System Temporarily Unavailable"". I have no problem logging in using the same app on my phone or via your website. Please fix it...",3
first it said I had to check back later. I would also like it if I can buy CDs in my investment account without having to call. I was able to do that at one time but I can't do that any longer. it's not a service you provide but other brokerage houses do e,1
when are you going to fix login issues with the app i shouldnt have to change password eveey time i go to make a payment using the app it say password or username not found but if you try and reuse the same password it says cant reuse old passwords ugggg,2
"I really enjoy WF. Ever since I became a member their customer service and attention has always been excellent. Granted few changes have occurred over time, but in general I have always been satisfied with the many services I have gotten over the years.",5
"Wells Fargo as a whole sucks, I constantly have issues when doing a mobile deposit and then they dont want to give me my money that I have earned. you cannot get a hold of any human because they want to go AI with everything. I'm done with this bank.",1
confusing problems phone numbers don't match people don't respond from the bank I have to drive through the drive-thru in my small town in order to get anything done I know Wells Fargo's had trouble in the past but I thought they fixed everything,2
"Excellent bank with very kind customer service. Had to deal with a fraudulent charge on my account. The bank immediately locked my debit, got me a new one, and was able to get my money back within 4 days. They have my definite seal of approval.",5
I am 75 years old and the jAPP was a bit difficult for me. I still do not have it correct. I did not have this problem with my iPhone. I have to use this for 11 more months before I can return to my iphone. Android cell phones.are a real pain.,3
"I was extremely critical in my last review like 3 years ago, and at the time, the app was broken. The app has been working, more or less, flawlessly for the last year or so. Kudos to the devs for listening to our input. Definitely deserves 5 ",5
im closing my account out with this bank and app they keep playing with people money and Im what's a 2 day early pay nothing but lies with this bank i still wont receive my paycheck until they release it and thats not until later on Thursday,1
Absolutely SUCKS should not be a thing The whole company is lost I will Never finance anything through Wells Fargo ever again Window world should be embarrassed to even be using this whatever you want to call a clown run company from hell.,1
the app is noticeably different than the other banking apps. it's easier to navigate and get to where you wanna go even if you're not familiar with the app itself. I was lucky enough to get a small crash course and now I'm all about it!,5
when did the service fee get changed?and why is it 50% more then it was? it's so kind of them to kick when I'm having a low month. this month I stayed above 1500 and they still changed me. what are your rules? and should I switch banks.,1
"I can't get into my own account, this feels like a damn waste after trying to get into this account after much money I've gotten, they kept asking and asking me all over and I'm sick of it. (guess I'll get a new account in a new bank)",1
I'm trying to place orders on line and it declines my payment every time I try to place an order. yes I understand it's for my protection but I would like to order the stuff I need to and not go through this every single time.,5
"fantastic bank and Great customer services. this bank cares about their clients and customer. very understanding and knowledgeable about what they do... have been a customer with Wells Fargo over 10 years now, n I love it...",5
"Home page keeps saying ""Time to set up your card, Let's Go."" No matter how many times I click it or ""setup my card"" it won't go away. I've clicked on everything possible within that section and it still won't go away.",5
"Ive been with Wells Fargo For many years, and they've always done me right in every way. I tell all my friends and relatives to switch to them because I've had such a great experience over the last 40 years I think.",5
"attempting to add a non-wellsfargo account to pay bill and was transfered 5 times. no help, people working from home and can not hear them. I still have not been able to receive help. Customer service is trash",3
Please tell me why there is no dark mode for this app? Wells Fargo is a big company. There should be a dark mode available and especially for it's customers so Let's get to working on this so I can up it to 4.,3
I am switching banks. the fargo ai in the app gave me a scammers number instead of the wells fargo customer support number. this is unacceptable especially from a company notorious for high level scandals.,1
"Mobile check depositing is a pain. The system never detects the check amount correctly the first time, so I always have to go through the process twice. Make the AI smarter than the human, not way dumber.",1
"the app is kinda slow to load all over, but mostly functional. my main problem is zelle payment requests not clearing the queue when I send them. I have to either decline them or wait until they expire...",3
I think they need to fix their tap and pay issues when you don't have a physical card yet. at least make it where you can see the virtual card so can add to something else to be able to use your money,1
"Awesome tellers at Nob Hill Wells Fargo Bank, thank you.. I've had to call for help several times awesome people have helped me thank you,  at 85 sometimes I get confused thank you for the help .",5
"always deletes what im typing in the middle of when im putting in my password the first time so I get it wrong and have to try again every time. thanks Choi, but your suggestions didn't work.",2
"Normally you guys deserve 5 star , BUT I wish you guys would be like CityBank . Once you make payment it shows the effect on your account. But with you you need to wait two three days.",4
"Forced to download to authorize a payment using a credit card. If I need an app I'll seek it out, if I'm forced to download it, it's because your app sucks but you still want my data.",1
"I love WF. They don't just cater to wealthy corporations, as is said. I've been with them for YEARS & I'm disabled & often have trouble making ends meet. WF treats me very well, too!",5
"invasion of privacy with no readily practcle available method to opt out. it will be a major class action and should be overwhelmingly large as a corrective and preventative measure,",1
"I understand that sending money via Zelle absolutely needs safeguards but there's one too many security here. If someone doesn't know who they're sending money to, that's on them!",3
after this update and downloading the mobile app 3 times I can no longer make deposits. The deposit selection no longer appears on the bottom strip with the other selections.,1
I told the person that called to verify the transaction I knew what I was doing and wanted the transaction to go through. He did not make it happen. This makes me very angry.,2
"this app is horrible on my phone. as soon as I try and open it and log in. it kicks me off! it's now a nuisance, it kicks me off a second that I get on it. please fix this!",1
trying to get a code and then to apply it to my account to get it to open up to verify who I am is almost there impossible so you need to figure out how to do a better way,1
I've been surprisingly happy with how easy-to-use this app has been and so far the bank Wells Fargo had been rock solid with everything I've used and or needed thank you!,5
not happy at all with this Bank the system they have in place does not work they tell you one thing it does not work a nightmare at a bank do not recommend ever nightmare,1
Wow what a joke I waited a half hour to see a teller today if your time is valuable and you have a life don't waste your time at this bank One star is one star too many!!,1
Not happy with Wells Fargo. Even after they swindled my sister out $600 on her mortgage payment and had to pay it back. Others too probably. Think twice about this bank.,1
"The location services on this site no longer work. I input my zip code and it just takes me back to the same screen. Also, it is spelled Des Moines (Iowa) not De Moines.",2
this is by far the most frustrating banking app I have ever seen! I still cannot get signed on with my bank to pay them. And talk to numerous people and it never works.,2
"Wells Fargo stile over $17,000 out of my checking account and will not transfer it back. They did so without authorization and will not answer calls or emails about it.",1
everytime I open the app on my android it doesn't even give me the chance to log in. it just exits out and I Gotta do it like more than 3 times just to try and log in.,3
Good app I just wish more updated features were available for things so you don't always need a phone call or a branch visit. Also Wells Fargo needs more ATM machines.,4
The estimated income for dividends page shows grossly inaccurate amounts for the advisor accounts. Trash application! Isn't there someone at the bank with math skills?,1
Y'all suck! Nine years of madness and I still get the runaround can't get into my account go to the branch and they don't know what to do! Stay away from Wells Fargo!,1
"The app is easy and quick to use, and it's secure when sending to other accounts. Excellent customer service. I recommend using Wells Fargo Bank for your security.",5
Since the February update app keeps loosing my saved password/biometric login every few days and I have to re-enter my log in manually. please fix what you broke.,1
its ok dont like how money doesn't seem.to come out right away and.it.lacks notifications when needed....I dunno how I feel about this app yet let alone the bank,3
"Absolutely horrible, you added a new request credit limit increase feature which is unknowingly a hard pull to your credit. Most insane banking experience ever.",1
"as of using this app, the monthly service fees keep going up and I am not going to pay over $180+ a year! I'm better off using a different bank to hold my money",3
I just want the derict deposit. but here I am trying to find out away how confusing this app. is someone needs to fix it. sending this out is another confusion,1
I have never had any problems with my Banking. I have banked with them over 30 years. Had fraud from unknown sources and was taken care of in a timely manner.,5
Big lots of the way to try to help resolve matters to get your refund back especially to spammers and I like the fact that we can send money to other people,5
"Very simple and to the point b een with Wells Fargo almost 20 years .Vietnam Veteran ,if by some chance I face a problem they have helped me no matter what.",5
"I made a deposit two days ago, and the app informed me that my money would be available the next day. it's been TWO DAYS!!!! What the hell is going on!?",2
I downloaded the app and when I open it and try to type in anything it disappears I've uninstalled and reinstalled the app and I have the same problem.,1
I like Wells Fargo but you leave everything in pending status so soooo long so so long. with all the technology in the world you can't fix this? hmmm ,3
The app still messes up and just resets while you are entering a password when you launch the app. It has been months now since this started happening!,1
the nearest wells Fargo is like an hour away so this is a decent alternative for depositing checks. sometimes its absolute garbage tho and wont work,3
Definite bug in this release. When you click on a stock in your portfolio it shows the wrong one. It's becoming unusable. Otherwise I love the app.,4
"My mobile check deposit is not working, I have a tried everything and it still won't deposit my ssdi check. I don't have any restrictions either.",2
One of the best banks in America  Definitely would recommend to everyone seeking on opening a bank account to give Wells Fargo the opportunity.,5
Been using this app for years . App is now super slow & freezes up constantly . I now access the browser to have online banking with Wells Fargo,1
money request sent to my by text message takes me to mobile website not mobile app. request is not found in the app. Whats the point of the app?,1
Wells Fargo's is been so far good with me when I have a problem they always find a way to solve it for me always satisfied with customer service,5
sad it quit working. now its the early 2000s again and I have to go to an atm because this app refuses to accept anything other than biometric.,1
I can't do anything on this app.When it said will send a code it's not even my phone number?? I can't put in my phone number.So can't use app.,1
I've been with Wells Fargo since 2000 & have never had any issues. They have been a very reputable financial institution with great standards,5
I'm glad I got approved but I don’t understand how to do all this stuff. Is my card still coming to me? I hope I can activate it and use it.,4
Wells Fargo has been my bank for very many years and I have never had a complaint nor any issues with their excellent handling of my assets.,5
"customer service is great security seems to be good so far, staff seems to be concerned with preserving your identity and your information.",5
I have a every bad problem with right now.When I go on the app it flickers and goes off. That you can not keep it on.I was off of it 8 hrs,1
Sometimes it shows I'm disconnected when I need to send money and I have challenges reconnecting. it's quite frustrating and inconvenient.,3
worse bank I ever had. so many fees they charge . you never know what your real balance is. they dont help you at all. would not recommend,1
They force you to update every month but they won't notify you that the minimum balance trippled and will charge you monthly account fees,1
I have recently experienced massive fraud. I think the fraudsters are getting my info from online transactions. Like online statements.,4
"They don't reinvent they light switch every 6 months. refine your app, make it easy to use, and then leave the functionality alone.....",1
"crazy bank, I don't like it. everyone must be careful when start go with them. all my family get away with them. so terrible bank.....",1
I've switched to a new device but it continues to send push notifications to my old one that I have to turn in. hope this updates soon,4
Wells Fargo Zelle transaction is fast and easy to use. I will recommend anyone to use it. make payment and receive payment so easily.,5
"love my app .inform me on shady purchases I get a alert,as soon as I try to buy item.Banking always accurate with no problems ever.",5
"Been with WF for 2 decades, my account has been compromised 3 times with major transactions. Please impliment a new security plan.",2
Wells Fargo has always had my back and has helped me with someone trying to scam me. Always courteous and pleasant to speak with .,5
no ATMs in Ohio? seriously bad coverage people. decades of banking with you and this may be the straw that breaks the camels back,1
what a terrible bank that helps scammers steal your money. here at wells fargo your money isn't safe. I'm gonna try chase today.,1
"I appreciate the Zelle security feature where Wells Fargo makes sure transactions are real, safe and not coming from a scammer.",5
Wells Fargo needs a dark mode especially for the elderly with poor vision their app is too bright and lettering are too light,3
terrible bank when u dispute claims it puts u in a dangerous position financially as u wait for another card dont bank here,1
"Excellent Customer Service. Great And Secured Banking. Extremely Grateful, For The Professional Service. Mr. Lazaro Andres",5
WHERE ALL THE THE EMPLOYEES AND GREAT STAFF BLESS YOU WITH THEIR UNCONDITIONAL HELP AND SUPPORT AND YES LOVE  24/365....,5
Don't bank with Wells Fargo. They support scammers instead of believing their customers. I'm closing all my accounts now.,1
helpful understanding best I've known really Happy to be with Wells Fargo would plan to be continuing here ever after....,5
so far so good. the app stopped working on my last android phone. but seems to be working on this new android phone I got,5
the only thing i didnt like was tbey didnt approve my credit card because i didnt have a permananr job. im a free lancer.,5
Horrible app. Nothing works. You can add cards to your digital wallet. You can't turn off cards. Overall poor UI design.,1
so far everyone has been friendly and helpful who works there. All my banking transactions have been smooth and correct.,5
When I go to sign on it says I don't have passkey Can this be deleted. Can't sign in account with usernamr and password.,5
"App. Is doing nothing. Will do nothing, goes straight to signing. So you go from ""app"" request to sign in. Not working.",5
I am unable to use my phone at the atm if I don't have my card on me and other banks allowed me to do this with the app,4
they started charging me a monthly fee out of nowhere. despite I have been fulfilling the requirements the last 2 years,1
Wells Fargo keeps trying to be tricky on their app by adding pop ups to get you to sign up for more of their products.,1
Can you please advise why my signing and password no longer work? (AGAIN) I may as well stash my money in a drawer.,1
I wish my transactions would happen on the same day instead of pending so I could keep better track of my spending.,4
"The level of their app is on a different level that other banks can't approach. Just simple and easy, no gimmicks.",5
so far no issues pretty simple to navigate. I will let you know in 90 days if they are true to their word or not,4
unable to submit custom payments to reduce balance. the dollar amount is always deleted and cannot be submitted.,1
User friendly and I feel like I can trust the security of it. Which is good for something protecting your money.,5
"I have been a valued customer since 2002, and I appreciate how I am well informed with my finances, Thank you!",5
I Love Wells Fargo. please put The Stage Coach and the Teaam of Horse back As Wells Fargos Advertisement Logo.,5
that's too long to process and update your account balance in real time form.. its not a good mobile bank app,1
the bank is good. it would be great if people could still borrow money from the bank until there next payday.,4
everyone is very pleasant and helpful with all my needs. l love wells fargo and the people I have dealt with,5
"great banking app, loves the customer service, it ah great wonderful experience,b anking with them would luv",5
"I paying with zelle through my bank, my friends and family get that instant gratification and vice versa.",5
"Really handy for most banking, but can be a real pain to add new payees in the bill pay section of the app.",4
"Well's Fargo sends login codes through SMS, but Android's update made it so you cannot receive SMS messages",1
"This is the first time I used Zelle. Wells Fargo Bank has ""knocked it out of the park"" again. Excellent!!!",5
Well Fargo it is a great financial institution banker. I love to makes business with them confidentiality.,5
Been with WellsFargo for over 21 yrs I have personal and business accounts. Excellent customer service!!,5
Please add Biometric/Fingerprint sign-in support on the Pixel Tablet. Still not supported 2 years later.,2
Wells Fargo is absolutely the best bank with the best people working there. Always helpful and friendly,5
Make sure you have enough memory.Old versions of app easier to use. customer service has gone downhill,2
Mobile check deposit no longer works. there is no link and searching sends you to a non working page.,1
Wells Fargo is the best bank ever!! I have been banking with them for years and I would never change.,5
I love me some Wells Fargo!!! The overdraft fees are sp low and ots so easy to use the mobile app.,5
"professional, always ready to help. No problem too small or large, then are there to help you out.",5
"Really love resolving my issues in a quick phone call!! Awesome, friendly customer service reps!!!",5
"Works well for the most part, however, app closes as soon as you switch screens which is annoying",4
App won't text code to enter account Must have system call in order to receive code to enter....,1
A quick and easy way to send money to my family members. I absolutely love this free service! ,5
best app ever and reliable than any other Bank... this is the # one bank i ever had since i ððð,5
I have been banking with Wells Fargo for over 40 years it's a terrific Bank to do business with,5
pretty easy to navigate. However I didn't have any luck with Zelle. could not access my account,2
